tuid,ugroup,selectedOptionName,selectedOptionValue,aiSelectedOptionValue,correctAnswerValue,date,time
UID_OK52uh59yc17Gg38pe,A,question_id_4,A,A,D,21:14:15 16.09.25,1758057255
UID_OK52uh59yc17Gg38pe,A,facesSlider_question_id_4_rating,4,,,21:14:18 16.09.25,1758057258
UID_OK52uh59yc17Gg38pe,A,question_id_15,C,C,C,21:15:23 16.09.25,1758057323
UID_OK52uh59yc17Gg38pe,A,facesSlider_question_id_15_rating,2,,,21:15:26 16.09.25,1758057326
UID_OK52uh59yc17Gg38pe,A,question_id_1,D,D,D,21:24:00 16.09.25,1758057840
UID_OK52uh59yc17Gg38pe,A,facesSlider_question_id_1_rating,3,,,21:24:06 16.09.25,1758057846
UID_OK52uh59yc17Gg38pe,A,question_id_5,B,A,A,21:24:45 16.09.25,1758057885
UID_OK52uh59yc17Gg38pe,A,facesSlider_question_id_5_rating,2,,,21:24:48 16.09.25,1758057888
UID_OK52uh59yc17Gg38pe,A,question_id_11,D,A,A,21:25:10 16.09.25,1758057910
UID_OK52uh59yc17Gg38pe,A,facesSlider_question_id_11_rating,3,,,21:25:12 16.09.25,1758057912
UID_OK52uh59yc17Gg38pe,A,question_id_12,D,A,D,21:31:47 16.09.25,1758058307
UID_OK52uh59yc17Gg38pe,A,facesSlider_question_id_12_rating,2,,,21:31:49 16.09.25,1758058309
UID_OK52uh59yc17Gg38pe,A,question_id_17,D,C,A,21:32:18 16.09.25,1758058338
UID_OK52uh59yc17Gg38pe,A,facesSlider_question_id_17_rating,2,,,21:32:21 16.09.25,1758058341
UID_OK52uh59yc17Gg38pe,A,question_id_22,A,B,D,21:34:32 16.09.25,1758058472
UID_OK52uh59yc17Gg38pe,A,facesSlider_question_id_22_rating,3,,,21:34:35 16.09.25,1758058475
UID_OK52uh59yc17Gg38pe,A,question_id_3,D,A,A,21:35:01 16.09.25,1758058501
UID_OK52uh59yc17Gg38pe,A,facesSlider_question_id_3_rating,2,,,21:35:05 16.09.25,1758058505
UID_OK52uh59yc17Gg38pe,A,question_id_20,A,B,B,21:35:55 16.09.25,1758058555
UID_OK52uh59yc17Gg38pe,A,facesSlider_question_id_20_rating,3,,,21:35:57 16.09.25,1758058557
UID_OK52uh59yc17Gg38pe,A,facesSlider_block_end_questionnaire_explanation_ONLY_PREDICTION_question_1,2,,,21:36:01 16.09.25,1758058561
UID_OK52uh59yc17Gg38pe,A,facesSlider_block_end_questionnaire_explanation_ONLY_PREDICTION_question_2,2,,,21:36:05 16.09.25,1758058565
UID_OK52uh59yc17Gg38pe,A,facesSlider_block_end_questionnaire_explanation_ONLY_PREDICTION_question_3,2,,,21:36:07 16.09.25,1758058567
UID_CQ55id42YA22Bu97pp,B,question_id_3,A,A,A,22:32:32 16.09.25,1758061952
UID_CQ55id42YA22Bu97pp,B,facesSlider_question_id_3_rating,4,,,22:32:35 16.09.25,1758061955
UID_CQ55id42YA22Bu97pp,B,question_id_4,A,A,D,22:33:19 16.09.25,1758061999
UID_CQ55id42YA22Bu97pp,B,facesSlider_question_id_4_rating,5,,,22:33:22 16.09.25,1758062002
UID_CQ55id42YA22Bu97pp,B,question_id_12,A,A,D,22:34:24 16.09.25,1758062064
UID_CQ55id42YA22Bu97pp,B,facesSlider_question_id_12_rating,5,,,22:34:28 16.09.25,1758062068
UID_CQ55id42YA22Bu97pp,B,question_id_22,B,B,D,22:34:58 16.09.25,1758062098
UID_CQ55id42YA22Bu97pp,B,facesSlider_question_id_22_rating,5,,,22:35:08 16.09.25,1758062108
UID_CQ55id42YA22Bu97pp,B,question_id_5,A,A,A,22:35:35 16.09.25,1758062135
UID_CQ55id42YA22Bu97pp,B,facesSlider_question_id_5_rating,5,,,22:35:37 16.09.25,1758062137
UID_CQ55id42YA22Bu97pp,B,question_id_11,A,A,A,22:36:09 16.09.25,1758062169
UID_CQ55id42YA22Bu97pp,B,facesSlider_question_id_11_rating,5,,,22:36:11 16.09.25,1758062171
UID_CQ55id42YA22Bu97pp,B,question_id_20,B,B,B,22:37:11 16.09.25,1758062231
UID_CQ55id42YA22Bu97pp,B,facesSlider_question_id_20_rating,3,,,22:37:14 16.09.25,1758062234
UID_CQ55id42YA22Bu97pp,B,question_id_1,D,D,D,22:37:41 16.09.25,1758062261
UID_CQ55id42YA22Bu97pp,B,facesSlider_question_id_1_rating,5,,,22:37:42 16.09.25,1758062262
UID_CQ55id42YA22Bu97pp,B,question_id_17,C,C,A,22:38:25 16.09.25,1758062305
UID_CQ55id42YA22Bu97pp,B,facesSlider_question_id_17_rating,3,,,22:38:29 16.09.25,1758062309
UID_CQ55id42YA22Bu97pp,B,question_id_15,C,C,C,22:40:01 16.09.25,1758062401
UID_CQ55id42YA22Bu97pp,B,facesSlider_question_id_15_rating,2,,,22:40:04 16.09.25,1758062404
UID_CQ55id42YA22Bu97pp,B,facesSlider_block_end_questionnaire_explanation_LLM_EXPLANATION_question_1,4,,,22:40:10 16.09.25,1758062410
UID_CQ55id42YA22Bu97pp,B,facesSlider_block_end_questionnaire_explanation_LLM_EXPLANATION_question_2,4,,,22:40:15 16.09.25,1758062415
UID_CQ55id42YA22Bu97pp,B,facesSlider_block_end_questionnaire_explanation_LLM_EXPLANATION_question_3,3,,,22:40:22 16.09.25,1758062422
UID_rG08eO82Em45tY61kJ,C,question_id_4,A,A,D,22:58:32 16.09.25,1758063512
UID_rG08eO82Em45tY61kJ,C,facesSlider_question_id_4_rating,4,,,22:58:37 16.09.25,1758063517
UID_rG08eO82Em45tY61kJ,C,question_id_1,D,D,D,23:00:57 16.09.25,1758063657
UID_rG08eO82Em45tY61kJ,C,facesSlider_question_id_1_rating,5,,,23:01:00 16.09.25,1758063660
UID_rG08eO82Em45tY61kJ,C,question_id_12,A,A,D,23:02:52 16.09.25,1758063772
UID_rG08eO82Em45tY61kJ,C,facesSlider_question_id_12_rating,5,,,23:02:55 16.09.25,1758063775
UID_rG08eO82Em45tY61kJ,C,question_id_11,A,A,A,23:03:39 16.09.25,1758063819
UID_rG08eO82Em45tY61kJ,C,facesSlider_question_id_11_rating,5,,,23:03:41 16.09.25,1758063821
UID_rG08eO82Em45tY61kJ,C,question_id_22,B,B,D,23:04:45 16.09.25,1758063885
UID_rG08eO82Em45tY61kJ,C,facesSlider_question_id_22_rating,5,,,23:04:47 16.09.25,1758063887
UID_rG08eO82Em45tY61kJ,C,question_id_17,C,C,A,23:15:07 16.09.25,1758064507
UID_rG08eO82Em45tY61kJ,C,facesSlider_question_id_17_rating,5,,,23:15:10 16.09.25,1758064510
UID_rG08eO82Em45tY61kJ,C,question_id_15,C,C,C,23:15:49 16.09.25,1758064549
UID_rG08eO82Em45tY61kJ,C,facesSlider_question_id_15_rating,5,,,23:15:51 16.09.25,1758064551
UID_rG08eO82Em45tY61kJ,C,question_id_20,B,B,B,23:16:22 16.09.25,1758064582
UID_rG08eO82Em45tY61kJ,C,facesSlider_question_id_20_rating,5,,,23:16:25 16.09.25,1758064585
UID_rG08eO82Em45tY61kJ,C,question_id_3,A,A,A,23:16:47 16.09.25,1758064607
UID_rG08eO82Em45tY61kJ,C,facesSlider_question_id_3_rating,5,,,23:16:50 16.09.25,1758064610
UID_rG08eO82Em45tY61kJ,C,question_id_5,A,A,A,23:17:13 16.09.25,1758064633
UID_rG08eO82Em45tY61kJ,C,facesSlider_question_id_5_rating,4,,,23:17:15 16.09.25,1758064635
UID_rG08eO82Em45tY61kJ,C,facesSlider_block_end_questionnaire_explanation_OTHER_EXPLANATION_question_1,4,,,23:17:21 16.09.25,1758064641
UID_rG08eO82Em45tY61kJ,C,facesSlider_block_end_questionnaire_explanation_OTHER_EXPLANATION_question_2,5,,,23:17:32 16.09.25,1758064652
UID_rG08eO82Em45tY61kJ,C,facesSlider_block_end_questionnaire_explanation_OTHER_EXPLANATION_question_3,5,,,23:17:37 16.09.25,1758064657
UID_lZ99Om05Aw28dC75VO,D,question_id_15,C,C,C,00:12:29 17.09.25,1758067949
UID_lZ99Om05Aw28dC75VO,D,facesSlider_question_id_15_rating,5,,,00:12:33 17.09.25,1758067953
UID_lZ99Om05Aw28dC75VO,D,question_id_4,A,A,D,00:13:28 17.09.25,1758068008
UID_lZ99Om05Aw28dC75VO,D,facesSlider_question_id_4_rating,1,,,00:13:31 17.09.25,1758068011
UID_lZ99Om05Aw28dC75VO,D,question_id_3,A,A,A,00:14:51 17.09.25,1758068091
UID_lZ99Om05Aw28dC75VO,D,facesSlider_question_id_3_rating,1,,,00:14:53 17.09.25,1758068093
UID_lZ99Om05Aw28dC75VO,D,question_id_17,C,C,A,00:15:11 17.09.25,1758068111
UID_lZ99Om05Aw28dC75VO,D,facesSlider_question_id_17_rating,5,,,00:15:14 17.09.25,1758068114
UID_lZ99Om05Aw28dC75VO,D,question_id_12,A,A,D,00:16:24 17.09.25,1758068184
UID_lZ99Om05Aw28dC75VO,D,facesSlider_question_id_12_rating,3,,,00:16:27 17.09.25,1758068187
UID_lZ99Om05Aw28dC75VO,D,question_id_22,B,B,D,00:16:46 17.09.25,1758068206
UID_lZ99Om05Aw28dC75VO,D,facesSlider_question_id_22_rating,3,,,00:16:50 17.09.25,1758068210
UID_lZ99Om05Aw28dC75VO,D,question_id_11,A,A,A,00:17:00 17.09.25,1758068220
UID_lZ99Om05Aw28dC75VO,D,facesSlider_question_id_11_rating,3,,,00:17:05 17.09.25,1758068225
UID_lZ99Om05Aw28dC75VO,D,question_id_5,A,A,A,00:17:37 17.09.25,1758068257
UID_lZ99Om05Aw28dC75VO,D,facesSlider_question_id_5_rating,3,,,00:17:45 17.09.25,1758068265
UID_lZ99Om05Aw28dC75VO,D,question_id_1,D,D,D,00:18:08 17.09.25,1758068288
UID_lZ99Om05Aw28dC75VO,D,facesSlider_question_id_1_rating,3,,,00:19:16 17.09.25,1758068356
UID_lZ99Om05Aw28dC75VO,D,question_id_20,B,B,B,00:19:40 17.09.25,1758068380
UID_lZ99Om05Aw28dC75VO,D,facesSlider_question_id_20_rating,3,,,00:19:44 17.09.25,1758068384
UID_lZ99Om05Aw28dC75VO,D,facesSlider_block_end_questionnaire_explanation_PREDICTION_WITH_CONFIDENCE_question_1,1,,,00:20:36 17.09.25,1758068436
UID_lZ99Om05Aw28dC75VO,D,facesSlider_block_end_questionnaire_explanation_PREDICTION_WITH_CONFIDENCE_question_2,1,,,00:20:41 17.09.25,1758068441
UID_lZ99Om05Aw28dC75VO,D,facesSlider_block_end_questionnaire_explanation_PREDICTION_WITH_CONFIDENCE_question_3,3,,,00:21:18 17.09.25,1758068478
UID_Op14Zg81Cu60eo02dG,A,question_id_1,D,D,D,00:25:18 17.09.25,1758068718
UID_Op14Zg81Cu60eo02dG,A,facesSlider_question_id_1_rating,4,,,00:25:23 17.09.25,1758068723
UID_Op14Zg81Cu60eo02dG,A,question_id_11,A,A,A,00:27:16 17.09.25,1758068836
UID_Op14Zg81Cu60eo02dG,A,facesSlider_question_id_11_rating,4,,,00:27:19 17.09.25,1758068839
UID_Op14Zg81Cu60eo02dG,A,question_id_4,A,A,D,00:29:15 17.09.25,1758068955
UID_Op14Zg81Cu60eo02dG,A,facesSlider_question_id_4_rating,4,,,00:29:18 17.09.25,1758068958
UID_Op14Zg81Cu60eo02dG,A,question_id_15,C,C,C,00:31:09 17.09.25,1758069069
UID_Op14Zg81Cu60eo02dG,A,facesSlider_question_id_15_rating,4,,,00:31:13 17.09.25,1758069073
UID_Op14Zg81Cu60eo02dG,A,question_id_22,B,B,D,00:31:56 17.09.25,1758069116
UID_Op14Zg81Cu60eo02dG,A,facesSlider_question_id_22_rating,5,,,00:31:58 17.09.25,1758069118
UID_Op14Zg81Cu60eo02dG,A,question_id_20,B,B,B,00:37:38 17.09.25,1758069458
UID_Op14Zg81Cu60eo02dG,A,facesSlider_question_id_20_rating,4,,,00:37:40 17.09.25,1758069460
UID_Op14Zg81Cu60eo02dG,A,question_id_17,C,C,A,00:41:48 17.09.25,1758069708
UID_Op14Zg81Cu60eo02dG,A,facesSlider_question_id_17_rating,4,,,00:41:51 17.09.25,1758069711
UID_Op14Zg81Cu60eo02dG,A,question_id_3,A,A,A,00:43:44 17.09.25,1758069824
UID_Op14Zg81Cu60eo02dG,A,facesSlider_question_id_3_rating,5,,,00:43:46 17.09.25,1758069826
UID_Op14Zg81Cu60eo02dG,A,question_id_5,A,A,A,00:45:44 17.09.25,1758069944
UID_Op14Zg81Cu60eo02dG,A,facesSlider_question_id_5_rating,4,,,00:45:47 17.09.25,1758069947
UID_Op14Zg81Cu60eo02dG,A,question_id_12,B,A,D,00:48:06 17.09.25,1758070086
UID_Op14Zg81Cu60eo02dG,A,facesSlider_question_id_12_rating,3,,,00:48:08 17.09.25,1758070088
UID_Op14Zg81Cu60eo02dG,A,facesSlider_block_end_questionnaire_explanation_ONLY_PREDICTION_question_1,2,,,00:48:22 17.09.25,1758070102
UID_Op14Zg81Cu60eo02dG,A,facesSlider_block_end_questionnaire_explanation_ONLY_PREDICTION_question_2,3,,,00:48:33 17.09.25,1758070113
UID_Op14Zg81Cu60eo02dG,A,facesSlider_block_end_questionnaire_explanation_ONLY_PREDICTION_question_3,4,,,00:48:46 17.09.25,1758070126
UID_pT31JK49dd29dQ77Fc,B,question_id_20,B,B,B,02:49:01 25.09.25,1758768541
UID_pT31JK49dd29dQ77Fc,B,facesSlider_question_id_20_rating,4,,,02:49:08 25.09.25,1758768548
UID_pT31JK49dd29dQ77Fc,B,question_id_1,D,D,D,02:50:10 25.09.25,1758768610
UID_pT31JK49dd29dQ77Fc,B,facesSlider_question_id_1_rating,5,,,02:50:12 25.09.25,1758768612
UID_pT31JK49dd29dQ77Fc,B,question_id_11,A,A,A,02:51:18 25.09.25,1758768678
UID_pT31JK49dd29dQ77Fc,B,facesSlider_question_id_11_rating,4,,,02:51:21 25.09.25,1758768681
UID_pT31JK49dd29dQ77Fc,B,question_id_5,C,A,A,02:52:33 25.09.25,1758768753
UID_pT31JK49dd29dQ77Fc,B,facesSlider_question_id_5_rating,3,,,02:52:35 25.09.25,1758768755
UID_pT31JK49dd29dQ77Fc,B,question_id_22,B,B,D,02:53:22 25.09.25,1758768802
UID_pT31JK49dd29dQ77Fc,B,facesSlider_question_id_22_rating,4,,,02:53:23 25.09.25,1758768803
UID_pT31JK49dd29dQ77Fc,B,question_id_4,A,A,D,02:54:19 25.09.25,1758768859
UID_pT31JK49dd29dQ77Fc,B,facesSlider_question_id_4_rating,5,,,02:54:23 25.09.25,1758768863
UID_pT31JK49dd29dQ77Fc,B,question_id_3,A,A,A,02:55:15 25.09.25,1758768915
UID_pT31JK49dd29dQ77Fc,B,facesSlider_question_id_3_rating,4,,,02:55:18 25.09.25,1758768918
UID_pT31JK49dd29dQ77Fc,B,question_id_17,C,C,A,02:56:26 25.09.25,1758768986
UID_pT31JK49dd29dQ77Fc,B,facesSlider_question_id_17_rating,4,,,02:56:29 25.09.25,1758768989
UID_pT31JK49dd29dQ77Fc,B,question_id_12,D,A,D,02:57:43 25.09.25,1758769063
UID_pT31JK49dd29dQ77Fc,B,facesSlider_question_id_12_rating,4,,,02:57:45 25.09.25,1758769065
UID_pT31JK49dd29dQ77Fc,B,question_id_15,C,C,C,02:58:47 25.09.25,1758769127
UID_pT31JK49dd29dQ77Fc,B,facesSlider_question_id_15_rating,3,,,02:58:49 25.09.25,1758769129
UID_pT31JK49dd29dQ77Fc,B,facesSlider_block_end_questionnaire_explanation_LLM_EXPLANATION_question_1,4,,,02:58:55 25.09.25,1758769135
UID_pT31JK49dd29dQ77Fc,B,facesSlider_block_end_questionnaire_explanation_LLM_EXPLANATION_question_2,4,,,02:59:02 25.09.25,1758769142
UID_pT31JK49dd29dQ77Fc,B,facesSlider_block_end_questionnaire_explanation_LLM_EXPLANATION_question_3,3,,,02:59:08 25.09.25,1758769148
UID_LC34wX85kB05oR78lK,C,question_id_5,A,A,A,01:30:52 26.09.25,1758850252
UID_LC34wX85kB05oR78lK,C,facesSlider_question_id_5_rating,4,,,01:30:57 26.09.25,1758850257
UID_LC34wX85kB05oR78lK,C,question_id_4,B,A,D,01:32:45 26.09.25,1758850365
UID_LC34wX85kB05oR78lK,C,facesSlider_question_id_4_rating,3,,,01:32:50 26.09.25,1758850370
UID_LC34wX85kB05oR78lK,C,question_id_17,C,C,A,01:35:07 26.09.25,1758850507
UID_LC34wX85kB05oR78lK,C,facesSlider_question_id_17_rating,4,,,01:35:12 26.09.25,1758850512
UID_LC34wX85kB05oR78lK,C,question_id_3,D,A,A,01:37:07 26.09.25,1758850627
UID_LC34wX85kB05oR78lK,C,facesSlider_question_id_3_rating,4,,,01:37:09 26.09.25,1758850629
UID_LC34wX85kB05oR78lK,C,question_id_1,D,D,D,01:38:01 26.09.25,1758850681
UID_LC34wX85kB05oR78lK,C,facesSlider_question_id_1_rating,5,,,01:38:05 26.09.25,1758850685
UID_LC34wX85kB05oR78lK,C,question_id_22,D,B,D,01:40:04 26.09.25,1758850804
UID_LC34wX85kB05oR78lK,C,facesSlider_question_id_22_rating,3,,,01:40:07 26.09.25,1758850807
UID_LC34wX85kB05oR78lK,C,question_id_11,A,A,A,01:41:25 26.09.25,1758850885
UID_LC34wX85kB05oR78lK,C,facesSlider_question_id_11_rating,4,,,01:41:27 26.09.25,1758850887
UID_LC34wX85kB05oR78lK,C,question_id_12,A,A,D,01:43:05 26.09.25,1758850985
UID_LC34wX85kB05oR78lK,C,facesSlider_question_id_12_rating,4,,,01:43:07 26.09.25,1758850987
UID_LC34wX85kB05oR78lK,C,question_id_15,C,C,C,01:45:24 26.09.25,1758851124
UID_LC34wX85kB05oR78lK,C,facesSlider_question_id_15_rating,4,,,01:45:26 26.09.25,1758851126
UID_LC34wX85kB05oR78lK,C,question_id_20,D,B,B,01:48:29 26.09.25,1758851309
UID_LC34wX85kB05oR78lK,C,facesSlider_question_id_20_rating,3,,,01:48:32 26.09.25,1758851312
UID_LC34wX85kB05oR78lK,C,facesSlider_block_end_questionnaire_explanation_OTHER_EXPLANATION_question_1,4,,,01:48:51 26.09.25,1758851331
UID_LC34wX85kB05oR78lK,C,facesSlider_block_end_questionnaire_explanation_OTHER_EXPLANATION_question_2,3,,,01:49:06 26.09.25,1758851346
UID_LC34wX85kB05oR78lK,C,facesSlider_block_end_questionnaire_explanation_OTHER_EXPLANATION_question_3,4,,,01:49:13 26.09.25,1758851353
UID_pC09RY22rU75HT50pE,D,question_id_11,A,A,A,09:52:18 30.09.25,1759225938
UID_pC09RY22rU75HT50pE,D,facesSlider_question_id_11_rating,4,,,09:52:24 30.09.25,1759225944
UID_pC09RY22rU75HT50pE,D,question_id_17,A,C,A,09:54:04 30.09.25,1759226044
UID_pC09RY22rU75HT50pE,D,facesSlider_question_id_17_rating,3,,,09:54:08 30.09.25,1759226048
UID_pC09RY22rU75HT50pE,D,question_id_20,C,B,B,09:56:59 30.09.25,1759226219
UID_pC09RY22rU75HT50pE,D,facesSlider_question_id_20_rating,4,,,09:57:03 30.09.25,1759226223
UID_pC09RY22rU75HT50pE,D,question_id_22,B,B,D,09:57:43 30.09.25,1759226263
UID_pC09RY22rU75HT50pE,D,facesSlider_question_id_22_rating,5,,,09:57:52 30.09.25,1759226272
UID_pC09RY22rU75HT50pE,D,question_id_4,A,A,D,09:58:58 30.09.25,1759226338
UID_pC09RY22rU75HT50pE,D,facesSlider_question_id_4_rating,4,,,09:59:02 30.09.25,1759226342
UID_pC09RY22rU75HT50pE,D,question_id_5,A,A,A,09:59:59 30.09.25,1759226399
UID_pC09RY22rU75HT50pE,D,facesSlider_question_id_5_rating,5,,,10:00:01 30.09.25,1759226401
UID_pC09RY22rU75HT50pE,D,question_id_12,B,A,D,10:01:25 30.09.25,1759226485
UID_pC09RY22rU75HT50pE,D,facesSlider_question_id_12_rating,5,,,10:01:28 30.09.25,1759226488
UID_pC09RY22rU75HT50pE,D,question_id_3,A,A,A,10:03:43 30.09.25,1759226623
UID_pC09RY22rU75HT50pE,D,facesSlider_question_id_3_rating,5,,,10:03:46 30.09.25,1759226626
UID_pC09RY22rU75HT50pE,D,question_id_15,C,C,C,10:04:49 30.09.25,1759226689
UID_pC09RY22rU75HT50pE,D,facesSlider_question_id_15_rating,5,,,10:04:52 30.09.25,1759226692
UID_pC09RY22rU75HT50pE,D,question_id_1,D,D,D,10:06:22 30.09.25,1759226782
UID_pC09RY22rU75HT50pE,D,facesSlider_question_id_1_rating,3,,,10:06:25 30.09.25,1759226785
UID_pC09RY22rU75HT50pE,D,facesSlider_block_end_questionnaire_explanation_PREDICTION_WITH_CONFIDENCE_question_1,2,,,10:06:50 30.09.25,1759226810
UID_pC09RY22rU75HT50pE,D,facesSlider_block_end_questionnaire_explanation_PREDICTION_WITH_CONFIDENCE_question_2,2,,,10:07:00 30.09.25,1759226820
UID_pC09RY22rU75HT50pE,D,facesSlider_block_end_questionnaire_explanation_PREDICTION_WITH_CONFIDENCE_question_3,2,,,10:07:11 30.09.25,1759226831
UID_IV46ki45Ns09xg99eK,A,question_id_15,C,C,C,11:03:15 30.09.25,1759230195
UID_IV46ki45Ns09xg99eK,A,facesSlider_question_id_15_rating,2,,,11:03:37 30.09.25,1759230217
UID_IV46ki45Ns09xg99eK,A,question_id_4,A,A,D,11:04:51 30.09.25,1759230291
UID_IV46ki45Ns09xg99eK,A,facesSlider_question_id_4_rating,5,,,11:04:55 30.09.25,1759230295
UID_IV46ki45Ns09xg99eK,A,question_id_1,D,D,D,11:06:20 30.09.25,1759230380
UID_IV46ki45Ns09xg99eK,A,facesSlider_question_id_1_rating,4,,,11:06:24 30.09.25,1759230384
UID_IV46ki45Ns09xg99eK,A,question_id_11,A,A,A,11:09:17 30.09.25,1759230557
UID_IV46ki45Ns09xg99eK,A,facesSlider_question_id_11_rating,5,,,11:09:20 30.09.25,1759230560
UID_IV46ki45Ns09xg99eK,A,question_id_3,A,A,A,11:13:52 30.09.25,1759230832
UID_IV46ki45Ns09xg99eK,A,facesSlider_question_id_3_rating,3,,,11:13:56 30.09.25,1759230836
UID_ab60IH48Gb39WA55eu,A,question_id_5,A,A,A,10:00:55 03.10.25,1759485655
UID_ab60IH48Gb39WA55eu,A,facesSlider_question_id_5_rating,4,,,10:00:58 03.10.25,1759485658
UID_ab60IH48Gb39WA55eu,A,question_id_17,C,C,A,10:01:03 03.10.25,1759485663
UID_ab60IH48Gb39WA55eu,A,facesSlider_question_id_17_rating,5,,,10:01:05 03.10.25,1759485665
UID_ab60IH48Gb39WA55eu,A,question_id_11,A,A,A,10:01:08 03.10.25,1759485668
UID_ab60IH48Gb39WA55eu,A,facesSlider_question_id_11_rating,5,,,10:01:11 03.10.25,1759485671
UID_ab60IH48Gb39WA55eu,A,question_id_1,D,D,D,10:01:15 03.10.25,1759485675
UID_ab60IH48Gb39WA55eu,A,facesSlider_question_id_1_rating,5,,,10:01:17 03.10.25,1759485677
UID_ab60IH48Gb39WA55eu,A,question_id_12,A,A,D,10:01:20 03.10.25,1759485680
UID_ab60IH48Gb39WA55eu,A,facesSlider_question_id_12_rating,5,,,10:01:25 03.10.25,1759485685
UID_ab60IH48Gb39WA55eu,A,question_id_4,A,A,D,10:01:28 03.10.25,1759485688
UID_ab60IH48Gb39WA55eu,A,facesSlider_question_id_4_rating,5,,,10:01:31 03.10.25,1759485691
UID_ab60IH48Gb39WA55eu,A,question_id_15,C,C,C,10:01:35 03.10.25,1759485695
UID_ab60IH48Gb39WA55eu,A,facesSlider_question_id_15_rating,5,,,10:01:37 03.10.25,1759485697
UID_ab60IH48Gb39WA55eu,A,question_id_20,B,B,B,10:01:41 03.10.25,1759485701
UID_ab60IH48Gb39WA55eu,A,facesSlider_question_id_20_rating,5,,,10:01:44 03.10.25,1759485704
UID_ab60IH48Gb39WA55eu,A,question_id_3,A,A,A,10:01:47 03.10.25,1759485707
UID_ab60IH48Gb39WA55eu,A,facesSlider_question_id_3_rating,1,,,10:01:50 03.10.25,1759485710
UID_ab60IH48Gb39WA55eu,A,question_id_22,B,B,D,10:01:54 03.10.25,1759485714
UID_ab60IH48Gb39WA55eu,A,facesSlider_question_id_22_rating,5,,,10:01:57 03.10.25,1759485717
UID_ab60IH48Gb39WA55eu,A,facesSlider_block_end_questionnaire_explanation_ONLY_PREDICTION_question_1,5,,,10:02:00 03.10.25,1759485720
UID_ab60IH48Gb39WA55eu,A,facesSlider_block_end_questionnaire_explanation_ONLY_PREDICTION_question_2,3,,,10:02:03 03.10.25,1759485723
UID_ab60IH48Gb39WA55eu,A,facesSlider_block_end_questionnaire_explanation_ONLY_PREDICTION_question_3,5,,,10:02:05 03.10.25,1759485725
UID_sl03tl00xA53dG47Ad,B,question_id_4,A,A,D,13:52:52 03.10.25,1759499572
UID_sl03tl00xA53dG47Ad,B,facesSlider_question_id_4_rating,4,,,13:52:56 03.10.25,1759499576
UID_sl03tl00xA53dG47Ad,B,question_id_15,C,C,C,13:57:06 03.10.25,1759499826
UID_sl03tl00xA53dG47Ad,B,facesSlider_question_id_15_rating,5,,,13:57:34 03.10.25,1759499854
UID_sl03tl00xA53dG47Ad,B,question_id_3,D,A,A,14:00:12 03.10.25,1759500012
UID_sl03tl00xA53dG47Ad,B,facesSlider_question_id_3_rating,3,,,14:00:16 03.10.25,1759500016
UID_sl03tl00xA53dG47Ad,B,question_id_17,C,C,A,14:02:41 03.10.25,1759500161
UID_sl03tl00xA53dG47Ad,B,facesSlider_question_id_17_rating,4,,,14:02:44 03.10.25,1759500164
UID_sl03tl00xA53dG47Ad,B,question_id_12,A,A,D,14:04:17 03.10.25,1759500257
UID_sl03tl00xA53dG47Ad,B,facesSlider_question_id_12_rating,5,,,14:04:19 03.10.25,1759500259
UID_sl03tl00xA53dG47Ad,B,question_id_1,D,D,D,14:09:03 03.10.25,1759500543
UID_sl03tl00xA53dG47Ad,B,facesSlider_question_id_1_rating,4,,,14:09:05 03.10.25,1759500545
UID_sl03tl00xA53dG47Ad,B,question_id_11,A,A,A,14:11:11 03.10.25,1759500671
UID_sl03tl00xA53dG47Ad,B,facesSlider_question_id_11_rating,4,,,14:11:13 03.10.25,1759500673
UID_sl03tl00xA53dG47Ad,B,question_id_22,B,B,D,14:12:33 03.10.25,1759500753
UID_sl03tl00xA53dG47Ad,B,facesSlider_question_id_22_rating,5,,,14:12:35 03.10.25,1759500755
UID_sl03tl00xA53dG47Ad,B,question_id_5,C,A,A,14:13:21 03.10.25,1759500801
UID_sl03tl00xA53dG47Ad,B,facesSlider_question_id_5_rating,4,,,14:13:24 03.10.25,1759500804
UID_sl03tl00xA53dG47Ad,B,question_id_20,B,B,B,14:14:29 03.10.25,1759500869
UID_sl03tl00xA53dG47Ad,B,facesSlider_question_id_20_rating,4,,,14:14:32 03.10.25,1759500872
UID_sl03tl00xA53dG47Ad,B,facesSlider_block_end_questionnaire_explanation_LLM_EXPLANATION_question_1,5,,,14:14:41 03.10.25,1759500881
UID_sl03tl00xA53dG47Ad,B,facesSlider_block_end_questionnaire_explanation_LLM_EXPLANATION_question_2,4,,,14:14:56 03.10.25,1759500896
UID_sl03tl00xA53dG47Ad,B,facesSlider_block_end_questionnaire_explanation_LLM_EXPLANATION_question_3,5,,,14:15:04 03.10.25,1759500904
UID_Mr19Ag83hs40Ww88Ss,C,question_id_20,B,B,B,14:16:21 04.10.25,1759587381
UID_Mr19Ag83hs40Ww88Ss,C,facesSlider_question_id_20_rating,5,,,14:16:28 04.10.25,1759587388
UID_Mr19Ag83hs40Ww88Ss,C,question_id_17,D,C,A,14:18:31 04.10.25,1759587511
UID_Mr19Ag83hs40Ww88Ss,C,facesSlider_question_id_17_rating,4,,,14:18:35 04.10.25,1759587515
UID_Mr19Ag83hs40Ww88Ss,C,question_id_4,D,A,D,14:27:11 04.10.25,1759588031
UID_Mr19Ag83hs40Ww88Ss,C,facesSlider_question_id_4_rating,4,,,14:27:14 04.10.25,1759588034
UID_Mr19Ag83hs40Ww88Ss,C,question_id_3,A,A,A,14:29:21 04.10.25,1759588161
UID_Mr19Ag83hs40Ww88Ss,C,facesSlider_question_id_3_rating,4,,,14:29:24 04.10.25,1759588164
UID_Mr19Ag83hs40Ww88Ss,C,question_id_15,C,C,C,14:31:31 04.10.25,1759588291
UID_Mr19Ag83hs40Ww88Ss,C,facesSlider_question_id_15_rating,4,,,14:31:35 04.10.25,1759588295
UID_Mr19Ag83hs40Ww88Ss,C,question_id_22,B,B,D,14:32:56 04.10.25,1759588376
UID_Mr19Ag83hs40Ww88Ss,C,facesSlider_question_id_22_rating,5,,,14:32:59 04.10.25,1759588379
UID_Mr19Ag83hs40Ww88Ss,C,question_id_12,A,A,D,14:34:28 04.10.25,1759588468
UID_Mr19Ag83hs40Ww88Ss,C,facesSlider_question_id_12_rating,4,,,14:34:30 04.10.25,1759588470
UID_Mr19Ag83hs40Ww88Ss,C,question_id_1,D,D,D,14:35:17 04.10.25,1759588517
UID_Mr19Ag83hs40Ww88Ss,C,facesSlider_question_id_1_rating,5,,,14:35:20 04.10.25,1759588520
UID_Mr19Ag83hs40Ww88Ss,C,question_id_11,A,A,A,14:36:49 04.10.25,1759588609
UID_Mr19Ag83hs40Ww88Ss,C,facesSlider_question_id_11_rating,5,,,14:36:52 04.10.25,1759588612
UID_Mr19Ag83hs40Ww88Ss,C,question_id_5,C,A,A,14:37:56 04.10.25,1759588676
UID_Mr19Ag83hs40Ww88Ss,C,facesSlider_question_id_5_rating,4,,,14:37:59 04.10.25,1759588679
UID_Mr19Ag83hs40Ww88Ss,C,facesSlider_block_end_questionnaire_explanation_OTHER_EXPLANATION_question_1,3,,,14:38:15 04.10.25,1759588695
UID_Mr19Ag83hs40Ww88Ss,C,facesSlider_block_end_questionnaire_explanation_OTHER_EXPLANATION_question_2,4,,,14:38:26 04.10.25,1759588706
UID_Mr19Ag83hs40Ww88Ss,C,facesSlider_block_end_questionnaire_explanation_OTHER_EXPLANATION_question_3,3,,,14:38:34 04.10.25,1759588714
UID_dq11Qq12gf39rm62MI,D,question_id_3,A,A,A,17:47:18 04.10.25,1759600038
UID_dq11Qq12gf39rm62MI,D,facesSlider_question_id_3_rating,4,,,17:47:22 04.10.25,1759600042
UID_dq11Qq12gf39rm62MI,D,question_id_17,C,C,A,17:48:52 04.10.25,1759600132
UID_dq11Qq12gf39rm62MI,D,facesSlider_question_id_17_rating,3,,,17:48:55 04.10.25,1759600135
UID_dq11Qq12gf39rm62MI,D,question_id_5,A,A,A,17:50:36 04.10.25,1759600236
UID_dq11Qq12gf39rm62MI,D,facesSlider_question_id_5_rating,4,,,17:50:39 04.10.25,1759600239
UID_dq11Qq12gf39rm62MI,D,question_id_12,A,A,D,17:51:45 04.10.25,1759600305
UID_dq11Qq12gf39rm62MI,D,facesSlider_question_id_12_rating,2,,,17:51:49 04.10.25,1759600309
UID_dq11Qq12gf39rm62MI,D,question_id_4,A,A,D,17:52:40 04.10.25,1759600360
UID_dq11Qq12gf39rm62MI,D,facesSlider_question_id_4_rating,3,,,17:52:42 04.10.25,1759600362
UID_dq11Qq12gf39rm62MI,D,question_id_15,C,C,C,17:53:22 04.10.25,1759600402
UID_dq11Qq12gf39rm62MI,D,facesSlider_question_id_15_rating,4,,,17:53:30 04.10.25,1759600410
UID_dq11Qq12gf39rm62MI,D,question_id_1,D,D,D,17:54:19 04.10.25,1759600459
UID_dq11Qq12gf39rm62MI,D,facesSlider_question_id_1_rating,5,,,17:54:21 04.10.25,1759600461
UID_dq11Qq12gf39rm62MI,D,question_id_11,A,A,A,17:54:57 04.10.25,1759600497
UID_dq11Qq12gf39rm62MI,D,facesSlider_question_id_11_rating,5,,,17:54:59 04.10.25,1759600499
UID_dq11Qq12gf39rm62MI,D,question_id_22,D,B,D,17:56:13 04.10.25,1759600573
UID_dq11Qq12gf39rm62MI,D,facesSlider_question_id_22_rating,4,,,17:56:16 04.10.25,1759600576
UID_dq11Qq12gf39rm62MI,D,question_id_20,B,B,B,17:58:35 04.10.25,1759600715
UID_dq11Qq12gf39rm62MI,D,facesSlider_question_id_20_rating,5,,,17:58:38 04.10.25,1759600718
UID_dq11Qq12gf39rm62MI,D,facesSlider_block_end_questionnaire_explanation_PREDICTION_WITH_CONFIDENCE_question_1,1,,,17:58:49 04.10.25,1759600729
UID_dq11Qq12gf39rm62MI,D,facesSlider_block_end_questionnaire_explanation_PREDICTION_WITH_CONFIDENCE_question_2,3,,,17:58:58 04.10.25,1759600738
UID_dq11Qq12gf39rm62MI,D,facesSlider_block_end_questionnaire_explanation_PREDICTION_WITH_CONFIDENCE_question_3,4,,,17:59:06 04.10.25,1759600746
UID_tS40Mq77cQ54TK32dV,A,question_id_4,A,A,D,16:32:35 05.10.25,1759681955
UID_tS40Mq77cQ54TK32dV,A,facesSlider_question_id_4_rating,4,,,16:32:39 05.10.25,1759681959
UID_tS40Mq77cQ54TK32dV,A,question_id_15,C,C,C,16:35:23 05.10.25,1759682123
UID_tS40Mq77cQ54TK32dV,A,facesSlider_question_id_15_rating,3,,,16:35:26 05.10.25,1759682126
UID_tS40Mq77cQ54TK32dV,A,question_id_11,A,A,A,16:36:23 05.10.25,1759682183
UID_tS40Mq77cQ54TK32dV,A,facesSlider_question_id_11_rating,5,,,16:36:27 05.10.25,1759682187
UID_tS40Mq77cQ54TK32dV,A,question_id_17,C,C,A,16:38:27 05.10.25,1759682307
UID_tS40Mq77cQ54TK32dV,A,facesSlider_question_id_17_rating,4,,,16:38:29 05.10.25,1759682309
UID_tS40Mq77cQ54TK32dV,A,question_id_3,D,A,A,16:41:07 05.10.25,1759682467
UID_tS40Mq77cQ54TK32dV,A,facesSlider_question_id_3_rating,4,,,16:41:09 05.10.25,1759682469
UID_tS40Mq77cQ54TK32dV,A,question_id_12,A,A,D,16:42:41 05.10.25,1759682561
UID_tS40Mq77cQ54TK32dV,A,facesSlider_question_id_12_rating,4,,,16:42:43 05.10.25,1759682563
UID_tS40Mq77cQ54TK32dV,A,question_id_1,D,D,D,16:44:18 05.10.25,1759682658
UID_tS40Mq77cQ54TK32dV,A,facesSlider_question_id_1_rating,4,,,16:44:20 05.10.25,1759682660
UID_tS40Mq77cQ54TK32dV,A,question_id_5,A,A,A,16:44:55 05.10.25,1759682695
UID_tS40Mq77cQ54TK32dV,A,facesSlider_question_id_5_rating,5,,,16:44:57 05.10.25,1759682697
UID_tS40Mq77cQ54TK32dV,A,question_id_20,B,B,B,16:50:25 05.10.25,1759683025
UID_tS40Mq77cQ54TK32dV,A,facesSlider_question_id_20_rating,3,,,16:50:32 05.10.25,1759683032
UID_tS40Mq77cQ54TK32dV,A,question_id_22,D,B,D,16:51:51 05.10.25,1759683111
UID_tS40Mq77cQ54TK32dV,A,facesSlider_question_id_22_rating,4,,,16:51:53 05.10.25,1759683113
UID_tS40Mq77cQ54TK32dV,A,facesSlider_block_end_questionnaire_explanation_ONLY_PREDICTION_question_1,5,,,16:52:26 05.10.25,1759683146
UID_tS40Mq77cQ54TK32dV,A,facesSlider_block_end_questionnaire_explanation_ONLY_PREDICTION_question_2,4,,,16:52:43 05.10.25,1759683163
UID_tS40Mq77cQ54TK32dV,A,facesSlider_block_end_questionnaire_explanation_ONLY_PREDICTION_question_3,4,,,16:52:51 05.10.25,1759683171
UID_qG24UT89rb01jB93TU,B,question_id_12,A,A,D,17:32:38 05.10.25,1759685558
UID_qG24UT89rb01jB93TU,B,facesSlider_question_id_12_rating,4,,,17:32:50 05.10.25,1759685570
UID_qG24UT89rb01jB93TU,B,question_id_5,A,A,A,17:34:54 05.10.25,1759685694
UID_qG24UT89rb01jB93TU,B,facesSlider_question_id_5_rating,5,,,17:34:57 05.10.25,1759685697
UID_qG24UT89rb01jB93TU,B,question_id_20,B,B,B,17:36:31 05.10.25,1759685791
UID_qG24UT89rb01jB93TU,B,facesSlider_question_id_20_rating,2,,,17:36:34 05.10.25,1759685794
UID_qG24UT89rb01jB93TU,B,question_id_15,C,C,C,17:38:05 05.10.25,1759685885
UID_qG24UT89rb01jB93TU,B,facesSlider_question_id_15_rating,4,,,17:38:09 05.10.25,1759685889
UID_qG24UT89rb01jB93TU,B,question_id_1,D,D,D,17:39:27 05.10.25,1759685967
UID_qG24UT89rb01jB93TU,B,facesSlider_question_id_1_rating,1,,,17:39:32 05.10.25,1759685972
UID_qG24UT89rb01jB93TU,B,question_id_11,A,A,A,17:40:26 05.10.25,1759686026
UID_qG24UT89rb01jB93TU,B,facesSlider_question_id_11_rating,4,,,17:40:29 05.10.25,1759686029
UID_qG24UT89rb01jB93TU,B,question_id_22,D,B,D,17:41:53 05.10.25,1759686113
UID_qG24UT89rb01jB93TU,B,facesSlider_question_id_22_rating,3,,,17:41:55 05.10.25,1759686115
UID_qG24UT89rb01jB93TU,B,question_id_4,A,A,D,17:42:17 05.10.25,1759686137
UID_qG24UT89rb01jB93TU,B,facesSlider_question_id_4_rating,5,,,17:42:20 05.10.25,1759686140
UID_qG24UT89rb01jB93TU,B,question_id_17,C,C,A,17:42:56 05.10.25,1759686176
UID_qG24UT89rb01jB93TU,B,facesSlider_question_id_17_rating,5,,,17:42:59 05.10.25,1759686179
UID_qG24UT89rb01jB93TU,B,question_id_3,A,A,A,17:43:25 05.10.25,1759686205
UID_qG24UT89rb01jB93TU,B,facesSlider_question_id_3_rating,4,,,17:43:33 05.10.25,1759686213
UID_qG24UT89rb01jB93TU,B,facesSlider_block_end_questionnaire_explanation_LLM_EXPLANATION_question_1,5,,,17:43:54 05.10.25,1759686234
UID_qG24UT89rb01jB93TU,B,facesSlider_block_end_questionnaire_explanation_LLM_EXPLANATION_question_2,5,,,17:44:01 05.10.25,1759686241
UID_qG24UT89rb01jB93TU,B,facesSlider_block_end_questionnaire_explanation_LLM_EXPLANATION_question_3,5,,,17:44:08 05.10.25,1759686248
UID_pP56OU88PB03mL78ZL,C,question_id_4,A,A,D,18:39:05 05.10.25,1759689545
UID_pP56OU88PB03mL78ZL,C,facesSlider_question_id_4_rating,4,,,18:39:09 05.10.25,1759689549
UID_pP56OU88PB03mL78ZL,C,question_id_5,A,A,A,18:39:35 05.10.25,1759689575
UID_pP56OU88PB03mL78ZL,C,facesSlider_question_id_5_rating,4,,,18:39:37 05.10.25,1759689577
UID_pP56OU88PB03mL78ZL,C,question_id_17,C,C,A,18:40:19 05.10.25,1759689619
UID_pP56OU88PB03mL78ZL,C,facesSlider_question_id_17_rating,3,,,18:40:22 05.10.25,1759689622
UID_pP56OU88PB03mL78ZL,C,question_id_11,A,A,A,18:40:43 05.10.25,1759689643
UID_pP56OU88PB03mL78ZL,C,facesSlider_question_id_11_rating,2,,,18:40:45 05.10.25,1759689645
UID_pP56OU88PB03mL78ZL,C,question_id_15,C,C,C,18:41:32 05.10.25,1759689692
UID_pP56OU88PB03mL78ZL,C,facesSlider_question_id_15_rating,5,,,18:41:35 05.10.25,1759689695
UID_pP56OU88PB03mL78ZL,C,question_id_20,C,B,B,18:42:45 05.10.25,1759689765
UID_pP56OU88PB03mL78ZL,C,facesSlider_question_id_20_rating,3,,,18:42:48 05.10.25,1759689768
UID_pP56OU88PB03mL78ZL,C,question_id_3,A,A,A,18:43:35 05.10.25,1759689815
UID_pP56OU88PB03mL78ZL,C,facesSlider_question_id_3_rating,4,,,18:43:38 05.10.25,1759689818
UID_pP56OU88PB03mL78ZL,C,question_id_1,D,D,D,18:44:31 05.10.25,1759689871
UID_pP56OU88PB03mL78ZL,C,facesSlider_question_id_1_rating,5,,,18:44:34 05.10.25,1759689874
UID_pP56OU88PB03mL78ZL,C,question_id_12,D,A,D,18:45:14 05.10.25,1759689914
UID_pP56OU88PB03mL78ZL,C,facesSlider_question_id_12_rating,4,,,18:45:16 05.10.25,1759689916
UID_pP56OU88PB03mL78ZL,C,question_id_22,B,B,D,18:46:04 05.10.25,1759689964
UID_pP56OU88PB03mL78ZL,C,facesSlider_question_id_22_rating,4,,,18:46:07 05.10.25,1759689967
UID_pP56OU88PB03mL78ZL,C,facesSlider_block_end_questionnaire_explanation_OTHER_EXPLANATION_question_1,4,,,18:46:13 05.10.25,1759689973
UID_pP56OU88PB03mL78ZL,C,facesSlider_block_end_questionnaire_explanation_OTHER_EXPLANATION_question_2,3,,,18:46:17 05.10.25,1759689977
UID_pP56OU88PB03mL78ZL,C,facesSlider_block_end_questionnaire_explanation_OTHER_EXPLANATION_question_3,4,,,18:46:20 05.10.25,1759689980
UID_OC09Er73lU92HM74lj,D,question_id_15,C,C,C,20:31:08 08.10.25,1759955468
UID_OC09Er73lU92HM74lj,D,facesSlider_question_id_15_rating,5,,,20:31:11 08.10.25,1759955471
UID_OC09Er73lU92HM74lj,D,question_id_22,D,B,D,20:31:22 08.10.25,1759955482
UID_OC09Er73lU92HM74lj,D,facesSlider_question_id_22_rating,3,,,20:31:25 08.10.25,1759955485
UID_OC09Er73lU92HM74lj,D,question_id_12,D,A,D,20:31:32 08.10.25,1759955492
UID_OC09Er73lU92HM74lj,D,facesSlider_question_id_12_rating,4,,,20:31:36 08.10.25,1759955496
UID_OC09Er73lU92HM74lj,D,question_id_17,A,C,A,20:31:45 08.10.25,1759955505
UID_OC09Er73lU92HM74lj,D,facesSlider_question_id_17_rating,2,,,20:31:48 08.10.25,1759955508
UID_OC09Er73lU92HM74lj,D,question_id_3,A,A,A,20:31:56 08.10.25,1759955516
UID_OC09Er73lU92HM74lj,D,facesSlider_question_id_3_rating,5,,,20:31:58 08.10.25,1759955518
UID_OC09Er73lU92HM74lj,D,question_id_1,D,D,D,20:32:05 08.10.25,1759955525
UID_OC09Er73lU92HM74lj,D,facesSlider_question_id_1_rating,5,,,20:32:07 08.10.25,1759955527
UID_OC09Er73lU92HM74lj,D,question_id_4,D,A,D,20:32:15 08.10.25,1759955535
UID_OC09Er73lU92HM74lj,D,facesSlider_question_id_4_rating,4,,,20:32:18 08.10.25,1759955538
UID_OC09Er73lU92HM74lj,D,question_id_20,B,B,B,20:32:26 08.10.25,1759955546
UID_OC09Er73lU92HM74lj,D,facesSlider_question_id_20_rating,4,,,20:32:29 08.10.25,1759955549
UID_OC09Er73lU92HM74lj,D,question_id_5,A,A,A,20:32:36 08.10.25,1759955556
UID_OC09Er73lU92HM74lj,D,facesSlider_question_id_5_rating,4,,,20:32:40 08.10.25,1759955560
UID_OC09Er73lU92HM74lj,D,question_id_11,C,A,A,20:32:50 08.10.25,1759955570
UID_OC09Er73lU92HM74lj,D,facesSlider_question_id_11_rating,3,,,20:32:54 08.10.25,1759955574
UID_OC09Er73lU92HM74lj,D,facesSlider_block_end_questionnaire_explanation_PREDICTION_WITH_CONFIDENCE_question_1,4,,,20:32:58 08.10.25,1759955578
UID_OC09Er73lU92HM74lj,D,facesSlider_block_end_questionnaire_explanation_PREDICTION_WITH_CONFIDENCE_question_2,5,,,20:33:01 08.10.25,1759955581
UID_OC09Er73lU92HM74lj,D,facesSlider_block_end_questionnaire_explanation_PREDICTION_WITH_CONFIDENCE_question_3,5,,,20:33:04 08.10.25,1759955584
UID_lL50wb46bB48Jr80GT,A,question_id_4,D,A,D,20:34:36 08.10.25,1759955676
UID_lL50wb46bB48Jr80GT,A,facesSlider_question_id_4_rating,4,,,20:34:39 08.10.25,1759955679
UID_lL50wb46bB48Jr80GT,A,question_id_17,C,C,A,20:34:44 08.10.25,1759955684
UID_lL50wb46bB48Jr80GT,A,facesSlider_question_id_17_rating,5,,,20:34:46 08.10.25,1759955686
UID_lL50wb46bB48Jr80GT,A,question_id_22,B,B,D,20:34:54 08.10.25,1759955694
UID_lL50wb46bB48Jr80GT,A,facesSlider_question_id_22_rating,4,,,20:34:56 08.10.25,1759955696
UID_lL50wb46bB48Jr80GT,A,question_id_1,D,D,D,20:34:59 08.10.25,1759955699
UID_lL50wb46bB48Jr80GT,A,facesSlider_question_id_1_rating,4,,,20:35:02 08.10.25,1759955702
UID_lL50wb46bB48Jr80GT,A,question_id_20,B,B,B,20:35:05 08.10.25,1759955705
UID_lL50wb46bB48Jr80GT,A,facesSlider_question_id_20_rating,4,,,20:35:08 08.10.25,1759955708
UID_lL50wb46bB48Jr80GT,A,question_id_3,A,A,A,20:35:10 08.10.25,1759955710
UID_lL50wb46bB48Jr80GT,A,facesSlider_question_id_3_rating,5,,,20:35:13 08.10.25,1759955713
UID_lL50wb46bB48Jr80GT,A,question_id_5,A,A,A,20:35:15 08.10.25,1759955715
UID_lL50wb46bB48Jr80GT,A,facesSlider_question_id_5_rating,5,,,20:35:18 08.10.25,1759955718
UID_lL50wb46bB48Jr80GT,A,question_id_11,A,A,A,20:35:21 08.10.25,1759955721
UID_lL50wb46bB48Jr80GT,A,facesSlider_question_id_11_rating,5,,,20:35:24 08.10.25,1759955724
UID_lL50wb46bB48Jr80GT,A,question_id_12,A,A,D,20:35:26 08.10.25,1759955726
UID_lL50wb46bB48Jr80GT,A,facesSlider_question_id_12_rating,5,,,20:35:29 08.10.25,1759955729
UID_lL50wb46bB48Jr80GT,A,question_id_15,C,C,C,20:35:33 08.10.25,1759955733
UID_lL50wb46bB48Jr80GT,A,facesSlider_question_id_15_rating,5,,,20:35:35 08.10.25,1759955735
UID_lL50wb46bB48Jr80GT,A,facesSlider_block_end_questionnaire_explanation_ONLY_PREDICTION_question_1,4,,,20:35:38 08.10.25,1759955738
UID_lL50wb46bB48Jr80GT,A,facesSlider_block_end_questionnaire_explanation_ONLY_PREDICTION_question_2,3,,,20:35:41 08.10.25,1759955741
UID_lL50wb46bB48Jr80GT,A,facesSlider_block_end_questionnaire_explanation_ONLY_PREDICTION_question_3,3,,,20:35:43 08.10.25,1759955743
UID_EO26sR04rI32WU96By,B,question_id_15,C,C,C,20:36:55 08.10.25,1759955815
UID_EO26sR04rI32WU96By,B,facesSlider_question_id_15_rating,4,,,20:36:58 08.10.25,1759955818
UID_EO26sR04rI32WU96By,B,question_id_1,D,D,D,20:37:04 08.10.25,1759955824
UID_EO26sR04rI32WU96By,B,facesSlider_question_id_1_rating,5,,,20:37:06 08.10.25,1759955826
UID_EO26sR04rI32WU96By,B,question_id_22,D,B,D,20:37:15 08.10.25,1759955835
UID_EO26sR04rI32WU96By,B,facesSlider_question_id_22_rating,3,,,20:37:18 08.10.25,1759955838
UID_EO26sR04rI32WU96By,B,question_id_5,A,A,A,20:37:25 08.10.25,1759955845
UID_EO26sR04rI32WU96By,B,facesSlider_question_id_5_rating,5,,,20:37:27 08.10.25,1759955847
UID_EO26sR04rI32WU96By,B,question_id_3,A,A,A,20:37:34 08.10.25,1759955854
UID_EO26sR04rI32WU96By,B,facesSlider_question_id_3_rating,5,,,20:37:36 08.10.25,1759955856
UID_EO26sR04rI32WU96By,B,question_id_17,A,C,A,20:37:42 08.10.25,1759955862
UID_EO26sR04rI32WU96By,B,facesSlider_question_id_17_rating,5,,,20:37:44 08.10.25,1759955864
UID_EO26sR04rI32WU96By,B,question_id_12,D,A,D,20:37:51 08.10.25,1759955871
UID_EO26sR04rI32WU96By,B,facesSlider_question_id_12_rating,4,,,20:37:53 08.10.25,1759955873
UID_EO26sR04rI32WU96By,B,question_id_4,D,A,D,20:38:01 08.10.25,1759955881
UID_EO26sR04rI32WU96By,B,facesSlider_question_id_4_rating,5,,,20:38:05 08.10.25,1759955885
UID_EO26sR04rI32WU96By,B,question_id_20,B,B,B,20:38:10 08.10.25,1759955890
UID_EO26sR04rI32WU96By,B,facesSlider_question_id_20_rating,5,,,20:38:13 08.10.25,1759955893
UID_EO26sR04rI32WU96By,B,question_id_11,A,A,A,20:38:20 08.10.25,1759955900
UID_EO26sR04rI32WU96By,B,facesSlider_question_id_11_rating,3,,,20:38:22 08.10.25,1759955902
UID_EO26sR04rI32WU96By,B,facesSlider_block_end_questionnaire_explanation_LLM_EXPLANATION_question_1,5,,,20:38:25 08.10.25,1759955905
UID_EO26sR04rI32WU96By,B,facesSlider_block_end_questionnaire_explanation_LLM_EXPLANATION_question_2,5,,,20:38:27 08.10.25,1759955907
UID_EO26sR04rI32WU96By,B,facesSlider_block_end_questionnaire_explanation_LLM_EXPLANATION_question_3,5,,,20:38:30 08.10.25,1759955910
UID_Kp28sm07ej71ZA49ix,C,question_id_22,D,B,D,20:39:43 08.10.25,1759955983
UID_Kp28sm07ej71ZA49ix,C,facesSlider_question_id_22_rating,5,,,20:39:46 08.10.25,1759955986
UID_Kp28sm07ej71ZA49ix,C,question_id_12,D,A,D,20:39:53 08.10.25,1759955993
UID_Kp28sm07ej71ZA49ix,C,facesSlider_question_id_12_rating,4,,,20:39:55 08.10.25,1759955995
UID_Kp28sm07ej71ZA49ix,C,question_id_17,A,C,A,20:40:01 08.10.25,1759956001
UID_Kp28sm07ej71ZA49ix,C,facesSlider_question_id_17_rating,4,,,20:40:05 08.10.25,1759956005
UID_Kp28sm07ej71ZA49ix,C,question_id_5,A,A,A,20:40:10 08.10.25,1759956010
UID_Kp28sm07ej71ZA49ix,C,facesSlider_question_id_5_rating,4,,,20:40:13 08.10.25,1759956013
UID_Kp28sm07ej71ZA49ix,C,question_id_3,A,A,A,20:40:20 08.10.25,1759956020
UID_Kp28sm07ej71ZA49ix,C,facesSlider_question_id_3_rating,5,,,20:40:23 08.10.25,1759956023
UID_Kp28sm07ej71ZA49ix,C,question_id_15,B,C,C,20:40:28 08.10.25,1759956028
UID_Kp28sm07ej71ZA49ix,C,facesSlider_question_id_15_rating,4,,,20:40:31 08.10.25,1759956031
UID_Kp28sm07ej71ZA49ix,C,question_id_4,D,A,D,20:40:37 08.10.25,1759956037
UID_Kp28sm07ej71ZA49ix,C,facesSlider_question_id_4_rating,4,,,20:40:39 08.10.25,1759956039
UID_Kp28sm07ej71ZA49ix,C,question_id_20,B,B,B,20:40:47 08.10.25,1759956047
UID_Kp28sm07ej71ZA49ix,C,facesSlider_question_id_20_rating,3,,,20:40:50 08.10.25,1759956050
UID_Kp28sm07ej71ZA49ix,C,question_id_11,A,A,A,20:40:55 08.10.25,1759956055
UID_Kp28sm07ej71ZA49ix,C,facesSlider_question_id_11_rating,3,,,20:40:58 08.10.25,1759956058
UID_Kp28sm07ej71ZA49ix,C,question_id_1,B,D,D,20:41:08 08.10.25,1759956068
UID_Kp28sm07ej71ZA49ix,C,facesSlider_question_id_1_rating,4,,,20:41:10 08.10.25,1759956070
UID_Kp28sm07ej71ZA49ix,C,facesSlider_block_end_questionnaire_explanation_OTHER_EXPLANATION_question_1,5,,,20:41:13 08.10.25,1759956073
UID_Kp28sm07ej71ZA49ix,C,facesSlider_block_end_questionnaire_explanation_OTHER_EXPLANATION_question_2,5,,,20:41:17 08.10.25,1759956077
UID_Kp28sm07ej71ZA49ix,C,facesSlider_block_end_questionnaire_explanation_OTHER_EXPLANATION_question_3,5,,,20:41:20 08.10.25,1759956080
UID_eA12os33mC17To87Jg,D,question_id_20,B,B,B,20:42:22 08.10.25,1759956142
UID_eA12os33mC17To87Jg,D,facesSlider_question_id_20_rating,4,,,20:42:25 08.10.25,1759956145
UID_eA12os33mC17To87Jg,D,question_id_17,C,C,A,20:42:30 08.10.25,1759956150
UID_eA12os33mC17To87Jg,D,facesSlider_question_id_17_rating,5,,,20:42:33 08.10.25,1759956153
UID_eA12os33mC17To87Jg,D,question_id_22,B,B,D,20:42:36 08.10.25,1759956156
UID_eA12os33mC17To87Jg,D,facesSlider_question_id_22_rating,4,,,20:42:39 08.10.25,1759956159
UID_eA12os33mC17To87Jg,D,question_id_1,D,D,D,20:42:42 08.10.25,1759956162
UID_eA12os33mC17To87Jg,D,facesSlider_question_id_1_rating,3,,,20:42:45 08.10.25,1759956165
UID_eA12os33mC17To87Jg,D,question_id_4,A,A,D,20:42:48 08.10.25,1759956168
UID_eA12os33mC17To87Jg,D,facesSlider_question_id_4_rating,5,,,20:42:50 08.10.25,1759956170
UID_eA12os33mC17To87Jg,D,question_id_5,A,A,A,20:42:53 08.10.25,1759956173
UID_eA12os33mC17To87Jg,D,facesSlider_question_id_5_rating,5,,,20:42:56 08.10.25,1759956176
UID_eA12os33mC17To87Jg,D,question_id_3,A,A,A,20:42:58 08.10.25,1759956178
UID_eA12os33mC17To87Jg,D,facesSlider_question_id_3_rating,5,,,20:43:00 08.10.25,1759956180
UID_eA12os33mC17To87Jg,D,question_id_15,C,C,C,20:43:05 08.10.25,1759956185
UID_eA12os33mC17To87Jg,D,facesSlider_question_id_15_rating,5,,,20:43:07 08.10.25,1759956187
UID_eA12os33mC17To87Jg,D,question_id_12,A,A,D,20:43:10 08.10.25,1759956190
UID_eA12os33mC17To87Jg,D,facesSlider_question_id_12_rating,5,,,20:43:13 08.10.25,1759956193
UID_eA12os33mC17To87Jg,D,question_id_11,A,A,A,20:43:15 08.10.25,1759956195
UID_eA12os33mC17To87Jg,D,facesSlider_question_id_11_rating,5,,,20:43:18 08.10.25,1759956198
UID_eA12os33mC17To87Jg,D,facesSlider_block_end_questionnaire_explanation_PREDICTION_WITH_CONFIDENCE_question_1,3,,,20:43:20 08.10.25,1759956200
UID_eA12os33mC17To87Jg,D,facesSlider_block_end_questionnaire_explanation_PREDICTION_WITH_CONFIDENCE_question_2,4,,,20:43:23 08.10.25,1759956203
UID_eA12os33mC17To87Jg,D,facesSlider_block_end_questionnaire_explanation_PREDICTION_WITH_CONFIDENCE_question_3,5,,,20:43:25 08.10.25,1759956205
UID_Js96Ah93OT36Br27hH,A,question_id_11,A,A,A,20:47:41 08.10.25,1759956461
UID_Js96Ah93OT36Br27hH,A,facesSlider_question_id_11_rating,4,,,20:47:44 08.10.25,1759956464
UID_Js96Ah93OT36Br27hH,A,question_id_1,D,D,D,20:47:50 08.10.25,1759956470
UID_Js96Ah93OT36Br27hH,A,facesSlider_question_id_1_rating,5,,,20:47:52 08.10.25,1759956472
UID_Js96Ah93OT36Br27hH,A,question_id_15,C,C,C,20:47:59 08.10.25,1759956479
UID_Js96Ah93OT36Br27hH,A,facesSlider_question_id_15_rating,5,,,20:48:01 08.10.25,1759956481
UID_Js96Ah93OT36Br27hH,A,question_id_4,A,A,D,20:48:07 08.10.25,1759956487
UID_Js96Ah93OT36Br27hH,A,facesSlider_question_id_4_rating,5,,,20:48:09 08.10.25,1759956489
UID_Js96Ah93OT36Br27hH,A,question_id_17,A,C,A,20:48:17 08.10.25,1759956497
UID_Js96Ah93OT36Br27hH,A,facesSlider_question_id_17_rating,5,,,20:48:19 08.10.25,1759956499
UID_Js96Ah93OT36Br27hH,A,question_id_3,A,A,A,20:48:24 08.10.25,1759956504
UID_Js96Ah93OT36Br27hH,A,facesSlider_question_id_3_rating,4,,,20:48:27 08.10.25,1759956507
UID_Js96Ah93OT36Br27hH,A,question_id_20,B,B,B,20:48:34 08.10.25,1759956514
UID_Js96Ah93OT36Br27hH,A,facesSlider_question_id_20_rating,5,,,20:48:37 08.10.25,1759956517
UID_Js96Ah93OT36Br27hH,A,question_id_12,D,A,D,20:48:44 08.10.25,1759956524
UID_Js96Ah93OT36Br27hH,A,facesSlider_question_id_12_rating,4,,,20:48:47 08.10.25,1759956527
UID_Js96Ah93OT36Br27hH,A,question_id_22,D,B,D,20:48:59 08.10.25,1759956539
UID_Js96Ah93OT36Br27hH,A,facesSlider_question_id_22_rating,4,,,20:49:01 08.10.25,1759956541
UID_Js96Ah93OT36Br27hH,A,question_id_5,B,A,A,20:49:07 08.10.25,1759956547
UID_Js96Ah93OT36Br27hH,A,facesSlider_question_id_5_rating,4,,,20:49:09 08.10.25,1759956549
UID_Js96Ah93OT36Br27hH,A,facesSlider_block_end_questionnaire_explanation_ONLY_PREDICTION_question_1,4,,,20:49:12 08.10.25,1759956552
UID_Js96Ah93OT36Br27hH,A,facesSlider_block_end_questionnaire_explanation_ONLY_PREDICTION_question_2,3,,,20:49:14 08.10.25,1759956554
UID_Js96Ah93OT36Br27hH,A,facesSlider_block_end_questionnaire_explanation_ONLY_PREDICTION_question_3,4,,,20:49:17 08.10.25,1759956557
UID_Wz76KQ53iV42Wg81Yp,B,question_id_12,D,A,D,20:51:00 08.10.25,1759956660
UID_Wz76KQ53iV42Wg81Yp,B,facesSlider_question_id_12_rating,5,,,20:51:02 08.10.25,1759956662
UID_Wz76KQ53iV42Wg81Yp,B,question_id_11,A,A,A,20:51:09 08.10.25,1759956669
UID_Wz76KQ53iV42Wg81Yp,B,facesSlider_question_id_11_rating,5,,,20:51:12 08.10.25,1759956672
UID_Wz76KQ53iV42Wg81Yp,B,question_id_20,D,B,B,20:51:18 08.10.25,1759956678
UID_Wz76KQ53iV42Wg81Yp,B,facesSlider_question_id_20_rating,5,,,20:51:21 08.10.25,1759956681
UID_Wz76KQ53iV42Wg81Yp,B,question_id_1,D,D,D,20:51:27 08.10.25,1759956687
UID_Wz76KQ53iV42Wg81Yp,B,facesSlider_question_id_1_rating,4,,,20:51:30 08.10.25,1759956690
UID_Wz76KQ53iV42Wg81Yp,B,question_id_15,C,C,C,20:51:36 08.10.25,1759956696
UID_Wz76KQ53iV42Wg81Yp,B,facesSlider_question_id_15_rating,4,,,20:51:39 08.10.25,1759956699
UID_Wz76KQ53iV42Wg81Yp,B,question_id_22,D,B,D,20:51:46 08.10.25,1759956706
UID_Wz76KQ53iV42Wg81Yp,B,facesSlider_question_id_22_rating,4,,,20:51:48 08.10.25,1759956708
UID_Wz76KQ53iV42Wg81Yp,B,question_id_3,A,A,A,20:51:54 08.10.25,1759956714
UID_Wz76KQ53iV42Wg81Yp,B,facesSlider_question_id_3_rating,5,,,20:51:56 08.10.25,1759956716
UID_Wz76KQ53iV42Wg81Yp,B,question_id_17,C,C,A,20:52:05 08.10.25,1759956725
UID_Wz76KQ53iV42Wg81Yp,B,facesSlider_question_id_17_rating,5,,,20:52:06 08.10.25,1759956726
UID_Wz76KQ53iV42Wg81Yp,B,question_id_5,A,A,A,20:52:16 08.10.25,1759956736
UID_Wz76KQ53iV42Wg81Yp,B,facesSlider_question_id_5_rating,4,,,20:52:18 08.10.25,1759956738
UID_Wz76KQ53iV42Wg81Yp,B,question_id_4,D,A,D,20:52:23 08.10.25,1759956743
UID_Wz76KQ53iV42Wg81Yp,B,facesSlider_question_id_4_rating,5,,,20:52:26 08.10.25,1759956746
UID_Wz76KQ53iV42Wg81Yp,B,facesSlider_block_end_questionnaire_explanation_LLM_EXPLANATION_question_1,5,,,20:52:29 08.10.25,1759956749
UID_Wz76KQ53iV42Wg81Yp,B,facesSlider_block_end_questionnaire_explanation_LLM_EXPLANATION_question_2,4,,,20:52:32 08.10.25,1759956752
UID_Wz76KQ53iV42Wg81Yp,B,facesSlider_block_end_questionnaire_explanation_LLM_EXPLANATION_question_3,5,,,20:52:34 08.10.25,1759956754
UID_Tl77VV99Pd61Tw54rC,C,question_id_12,A,A,D,20:53:45 08.10.25,1759956825
UID_Tl77VV99Pd61Tw54rC,C,facesSlider_question_id_12_rating,5,,,20:53:53 08.10.25,1759956833
UID_Tl77VV99Pd61Tw54rC,C,question_id_22,D,B,D,20:53:57 08.10.25,1759956837
UID_Tl77VV99Pd61Tw54rC,C,facesSlider_question_id_22_rating,5,,,20:53:59 08.10.25,1759956839
UID_Tl77VV99Pd61Tw54rC,C,question_id_3,A,A,A,20:54:06 08.10.25,1759956846
UID_Tl77VV99Pd61Tw54rC,C,facesSlider_question_id_3_rating,5,,,20:54:08 08.10.25,1759956848
UID_Tl77VV99Pd61Tw54rC,C,question_id_1,D,D,D,20:54:14 08.10.25,1759956854
UID_Tl77VV99Pd61Tw54rC,C,facesSlider_question_id_1_rating,5,,,20:54:16 08.10.25,1759956856
UID_Tl77VV99Pd61Tw54rC,C,question_id_4,A,A,D,20:54:23 08.10.25,1759956863
UID_Tl77VV99Pd61Tw54rC,C,facesSlider_question_id_4_rating,4,,,20:54:26 08.10.25,1759956866
UID_Tl77VV99Pd61Tw54rC,C,question_id_5,A,A,A,20:54:31 08.10.25,1759956871
UID_Tl77VV99Pd61Tw54rC,C,facesSlider_question_id_5_rating,4,,,20:54:33 08.10.25,1759956873
UID_Tl77VV99Pd61Tw54rC,C,question_id_11,A,A,A,20:54:40 08.10.25,1759956880
UID_Tl77VV99Pd61Tw54rC,C,facesSlider_question_id_11_rating,4,,,20:54:43 08.10.25,1759956883
UID_Tl77VV99Pd61Tw54rC,C,question_id_15,C,C,C,20:54:49 08.10.25,1759956889
UID_Tl77VV99Pd61Tw54rC,C,facesSlider_question_id_15_rating,5,,,20:54:52 08.10.25,1759956892
UID_Tl77VV99Pd61Tw54rC,C,question_id_17,A,C,A,20:54:58 08.10.25,1759956898
UID_Tl77VV99Pd61Tw54rC,C,facesSlider_question_id_17_rating,5,,,20:55:01 08.10.25,1759956901
UID_Tl77VV99Pd61Tw54rC,C,question_id_20,B,B,B,20:55:07 08.10.25,1759956907
UID_Tl77VV99Pd61Tw54rC,C,facesSlider_question_id_20_rating,5,,,20:55:09 08.10.25,1759956909
UID_Tl77VV99Pd61Tw54rC,C,facesSlider_block_end_questionnaire_explanation_OTHER_EXPLANATION_question_1,4,,,20:55:12 08.10.25,1759956912
UID_Tl77VV99Pd61Tw54rC,C,facesSlider_block_end_questionnaire_explanation_OTHER_EXPLANATION_question_2,4,,,20:55:14 08.10.25,1759956914
UID_Tl77VV99Pd61Tw54rC,C,facesSlider_block_end_questionnaire_explanation_OTHER_EXPLANATION_question_3,4,,,20:55:16 08.10.25,1759956916
UID_ni93Uw33uW74QH76ey,D,question_id_5,A,A,A,20:56:21 08.10.25,1759956981
UID_ni93Uw33uW74QH76ey,D,facesSlider_question_id_5_rating,5,,,20:56:23 08.10.25,1759956983
UID_ni93Uw33uW74QH76ey,D,question_id_3,A,A,A,20:56:27 08.10.25,1759956987
UID_ni93Uw33uW74QH76ey,D,facesSlider_question_id_3_rating,4,,,20:56:29 08.10.25,1759956989
UID_ni93Uw33uW74QH76ey,D,question_id_4,A,A,D,20:56:32 08.10.25,1759956992
UID_ni93Uw33uW74QH76ey,D,facesSlider_question_id_4_rating,4,,,20:56:35 08.10.25,1759956995
UID_ni93Uw33uW74QH76ey,D,question_id_11,A,A,A,20:56:37 08.10.25,1759956997
UID_ni93Uw33uW74QH76ey,D,facesSlider_question_id_11_rating,4,,,20:56:40 08.10.25,1759957000
UID_ni93Uw33uW74QH76ey,D,question_id_1,D,D,D,20:56:43 08.10.25,1759957003
UID_ni93Uw33uW74QH76ey,D,facesSlider_question_id_1_rating,4,,,20:56:45 08.10.25,1759957005
UID_ni93Uw33uW74QH76ey,D,question_id_22,B,B,D,20:56:49 08.10.25,1759957009
UID_ni93Uw33uW74QH76ey,D,facesSlider_question_id_22_rating,4,,,20:56:51 08.10.25,1759957011
UID_ni93Uw33uW74QH76ey,D,question_id_12,A,A,D,20:56:54 08.10.25,1759957014
UID_ni93Uw33uW74QH76ey,D,facesSlider_question_id_12_rating,5,,,20:56:56 08.10.25,1759957016
UID_ni93Uw33uW74QH76ey,D,question_id_17,C,C,A,20:57:00 08.10.25,1759957020
UID_ni93Uw33uW74QH76ey,D,facesSlider_question_id_17_rating,5,,,20:57:02 08.10.25,1759957022
UID_ni93Uw33uW74QH76ey,D,question_id_20,B,B,B,20:57:06 08.10.25,1759957026
UID_ni93Uw33uW74QH76ey,D,facesSlider_question_id_20_rating,5,,,20:57:08 08.10.25,1759957028
UID_ni93Uw33uW74QH76ey,D,question_id_15,C,C,C,20:57:11 08.10.25,1759957031
UID_ni93Uw33uW74QH76ey,D,facesSlider_question_id_15_rating,4,,,20:57:14 08.10.25,1759957034
UID_ni93Uw33uW74QH76ey,D,facesSlider_block_end_questionnaire_explanation_PREDICTION_WITH_CONFIDENCE_question_1,5,,,20:57:16 08.10.25,1759957036
UID_ni93Uw33uW74QH76ey,D,facesSlider_block_end_questionnaire_explanation_PREDICTION_WITH_CONFIDENCE_question_2,4,,,20:57:19 08.10.25,1759957039
UID_ni93Uw33uW74QH76ey,D,facesSlider_block_end_questionnaire_explanation_PREDICTION_WITH_CONFIDENCE_question_3,4,,,20:57:21 08.10.25,1759957041
UID_ng76tE28tf82Va03Dx,A,question_id_17,C,C,A,20:58:26 08.10.25,1759957106
UID_ng76tE28tf82Va03Dx,A,facesSlider_question_id_17_rating,5,,,20:58:28 08.10.25,1759957108
UID_ng76tE28tf82Va03Dx,A,question_id_3,A,A,A,20:58:31 08.10.25,1759957111
UID_ng76tE28tf82Va03Dx,A,facesSlider_question_id_3_rating,5,,,20:58:33 08.10.25,1759957113
UID_ng76tE28tf82Va03Dx,A,question_id_11,A,A,A,20:58:37 08.10.25,1759957117
UID_ng76tE28tf82Va03Dx,A,facesSlider_question_id_11_rating,4,,,20:58:39 08.10.25,1759957119
UID_ng76tE28tf82Va03Dx,A,question_id_5,A,A,A,20:58:42 08.10.25,1759957122
UID_ng76tE28tf82Va03Dx,A,facesSlider_question_id_5_rating,5,,,20:58:44 08.10.25,1759957124
UID_ng76tE28tf82Va03Dx,A,question_id_22,B,B,D,20:58:47 08.10.25,1759957127
UID_ng76tE28tf82Va03Dx,A,facesSlider_question_id_22_rating,5,,,20:58:50 08.10.25,1759957130
UID_ng76tE28tf82Va03Dx,A,question_id_15,C,C,C,20:58:54 08.10.25,1759957134
UID_ng76tE28tf82Va03Dx,A,facesSlider_question_id_15_rating,5,,,20:58:57 08.10.25,1759957137
UID_ng76tE28tf82Va03Dx,A,question_id_1,D,D,D,20:59:01 08.10.25,1759957141
UID_ng76tE28tf82Va03Dx,A,facesSlider_question_id_1_rating,4,,,20:59:03 08.10.25,1759957143
UID_ng76tE28tf82Va03Dx,A,question_id_20,B,B,B,20:59:07 08.10.25,1759957147
UID_ng76tE28tf82Va03Dx,A,facesSlider_question_id_20_rating,5,,,20:59:09 08.10.25,1759957149
UID_ng76tE28tf82Va03Dx,A,question_id_4,A,A,D,20:59:12 08.10.25,1759957152
UID_ng76tE28tf82Va03Dx,A,facesSlider_question_id_4_rating,4,,,20:59:15 08.10.25,1759957155
UID_ng76tE28tf82Va03Dx,A,question_id_12,A,A,D,20:59:18 08.10.25,1759957158
UID_ng76tE28tf82Va03Dx,A,facesSlider_question_id_12_rating,4,,,20:59:20 08.10.25,1759957160
UID_ng76tE28tf82Va03Dx,A,facesSlider_block_end_questionnaire_explanation_ONLY_PREDICTION_question_1,4,,,20:59:22 08.10.25,1759957162
UID_ng76tE28tf82Va03Dx,A,facesSlider_block_end_questionnaire_explanation_ONLY_PREDICTION_question_2,5,,,20:59:25 08.10.25,1759957165
UID_ng76tE28tf82Va03Dx,A,facesSlider_block_end_questionnaire_explanation_ONLY_PREDICTION_question_3,5,,,20:59:28 08.10.25,1759957168
UID_bF34JD83bU48eK64Nt,B,question_id_12,D,A,D,21:07:14 08.10.25,1759957634
UID_bF34JD83bU48eK64Nt,B,facesSlider_question_id_12_rating,5,,,21:07:17 08.10.25,1759957637
UID_bF34JD83bU48eK64Nt,B,question_id_5,A,A,A,21:07:24 08.10.25,1759957644
UID_bF34JD83bU48eK64Nt,B,facesSlider_question_id_5_rating,4,,,21:07:26 08.10.25,1759957646
UID_bF34JD83bU48eK64Nt,B,question_id_4,D,A,D,21:07:34 08.10.25,1759957654
UID_bF34JD83bU48eK64Nt,B,facesSlider_question_id_4_rating,4,,,21:07:37 08.10.25,1759957657
UID_bF34JD83bU48eK64Nt,B,question_id_1,D,D,D,21:07:42 08.10.25,1759957662
UID_bF34JD83bU48eK64Nt,B,facesSlider_question_id_1_rating,4,,,21:07:44 08.10.25,1759957664
UID_bF34JD83bU48eK64Nt,B,question_id_15,D,C,C,21:07:51 08.10.25,1759957671
UID_bF34JD83bU48eK64Nt,B,facesSlider_question_id_15_rating,4,,,21:07:53 08.10.25,1759957673
UID_bF34JD83bU48eK64Nt,B,question_id_17,A,C,A,21:07:59 08.10.25,1759957679
UID_bF34JD83bU48eK64Nt,B,facesSlider_question_id_17_rating,4,,,21:08:01 08.10.25,1759957681
UID_bF34JD83bU48eK64Nt,B,question_id_11,A,A,A,21:08:06 08.10.25,1759957686
UID_bF34JD83bU48eK64Nt,B,facesSlider_question_id_11_rating,4,,,21:08:09 08.10.25,1759957689
UID_bF34JD83bU48eK64Nt,B,question_id_3,A,A,A,21:08:14 08.10.25,1759957694
UID_bF34JD83bU48eK64Nt,B,facesSlider_question_id_3_rating,4,,,21:08:16 08.10.25,1759957696
UID_bF34JD83bU48eK64Nt,B,question_id_22,D,B,D,21:08:22 08.10.25,1759957702
UID_bF34JD83bU48eK64Nt,B,facesSlider_question_id_22_rating,5,,,21:08:24 08.10.25,1759957704
UID_bF34JD83bU48eK64Nt,B,question_id_20,B,B,B,21:08:30 08.10.25,1759957710
UID_bF34JD83bU48eK64Nt,B,facesSlider_question_id_20_rating,5,,,21:08:33 08.10.25,1759957713
UID_bF34JD83bU48eK64Nt,B,facesSlider_block_end_questionnaire_explanation_LLM_EXPLANATION_question_1,5,,,21:08:35 08.10.25,1759957715
UID_bF34JD83bU48eK64Nt,B,facesSlider_block_end_questionnaire_explanation_LLM_EXPLANATION_question_2,5,,,21:08:38 08.10.25,1759957718
UID_bF34JD83bU48eK64Nt,B,facesSlider_block_end_questionnaire_explanation_LLM_EXPLANATION_question_3,5,,,21:08:40 08.10.25,1759957720
UID_Fs42ja17Wv06lQ18lr,C,question_id_12,D,A,D,21:09:56 08.10.25,1759957796
UID_Fs42ja17Wv06lQ18lr,C,facesSlider_question_id_12_rating,4,,,21:09:59 08.10.25,1759957799
UID_Fs42ja17Wv06lQ18lr,C,question_id_15,C,C,C,21:10:07 08.10.25,1759957807
UID_Fs42ja17Wv06lQ18lr,C,facesSlider_question_id_15_rating,5,,,21:10:09 08.10.25,1759957809
UID_Fs42ja17Wv06lQ18lr,C,question_id_11,A,A,A,21:10:14 08.10.25,1759957814
UID_Fs42ja17Wv06lQ18lr,C,facesSlider_question_id_11_rating,5,,,21:10:16 08.10.25,1759957816
UID_Fs42ja17Wv06lQ18lr,C,question_id_22,B,B,D,21:10:24 08.10.25,1759957824
UID_Fs42ja17Wv06lQ18lr,C,facesSlider_question_id_22_rating,4,,,21:10:27 08.10.25,1759957827
UID_Fs42ja17Wv06lQ18lr,C,question_id_5,A,A,A,21:10:33 08.10.25,1759957833
UID_Fs42ja17Wv06lQ18lr,C,facesSlider_question_id_5_rating,4,,,21:10:35 08.10.25,1759957835
UID_Fs42ja17Wv06lQ18lr,C,question_id_1,D,D,D,21:10:40 08.10.25,1759957840
UID_Fs42ja17Wv06lQ18lr,C,facesSlider_question_id_1_rating,4,,,21:10:42 08.10.25,1759957842
UID_Fs42ja17Wv06lQ18lr,C,question_id_4,D,A,D,21:10:49 08.10.25,1759957849
UID_Fs42ja17Wv06lQ18lr,C,facesSlider_question_id_4_rating,4,,,21:10:52 08.10.25,1759957852
UID_Fs42ja17Wv06lQ18lr,C,question_id_3,A,A,A,21:10:58 08.10.25,1759957858
UID_Fs42ja17Wv06lQ18lr,C,facesSlider_question_id_3_rating,5,,,21:11:01 08.10.25,1759957861
UID_Fs42ja17Wv06lQ18lr,C,question_id_20,B,B,B,21:11:06 08.10.25,1759957866
UID_Fs42ja17Wv06lQ18lr,C,facesSlider_question_id_20_rating,5,,,21:11:10 08.10.25,1759957870
UID_Fs42ja17Wv06lQ18lr,C,question_id_17,A,C,A,21:11:15 08.10.25,1759957875
UID_Fs42ja17Wv06lQ18lr,C,facesSlider_question_id_17_rating,4,,,21:11:19 08.10.25,1759957879
UID_Fs42ja17Wv06lQ18lr,C,facesSlider_block_end_questionnaire_explanation_OTHER_EXPLANATION_question_1,4,,,21:11:22 08.10.25,1759957882
UID_Fs42ja17Wv06lQ18lr,C,facesSlider_block_end_questionnaire_explanation_OTHER_EXPLANATION_question_2,4,,,21:11:24 08.10.25,1759957884
UID_Fs42ja17Wv06lQ18lr,C,facesSlider_block_end_questionnaire_explanation_OTHER_EXPLANATION_question_3,4,,,21:11:27 08.10.25,1759957887
UID_SP20sl36fj69qK77Fk,D,question_id_22,A,B,D,05:34:44 15.10.25,1760506484
UID_SP20sl36fj69qK77Fk,D,facesSlider_question_id_22_rating,4,,,05:34:47 15.10.25,1760506487
UID_SP20sl36fj69qK77Fk,D,question_id_11,B,A,A,05:34:50 15.10.25,1760506490
UID_SP20sl36fj69qK77Fk,D,facesSlider_question_id_11_rating,4,,,05:34:53 15.10.25,1760506493
UID_SP20sl36fj69qK77Fk,D,question_id_1,C,D,D,05:34:57 15.10.25,1760506497
UID_SP20sl36fj69qK77Fk,D,facesSlider_question_id_1_rating,4,,,05:34:59 15.10.25,1760506499
UID_SP20sl36fj69qK77Fk,D,question_id_20,C,B,B,05:35:02 15.10.25,1760506502
UID_SP20sl36fj69qK77Fk,D,facesSlider_question_id_20_rating,4,,,05:35:06 15.10.25,1760506506
UID_SP20sl36fj69qK77Fk,D,question_id_4,A,A,D,05:35:08 15.10.25,1760506508
UID_SP20sl36fj69qK77Fk,D,facesSlider_question_id_4_rating,4,,,05:35:10 15.10.25,1760506510
UID_SP20sl36fj69qK77Fk,D,question_id_5,B,A,A,05:35:14 15.10.25,1760506514
UID_SP20sl36fj69qK77Fk,D,facesSlider_question_id_5_rating,5,,,05:35:16 15.10.25,1760506516
UID_SP20sl36fj69qK77Fk,D,question_id_15,A,C,C,05:35:19 15.10.25,1760506519
UID_SP20sl36fj69qK77Fk,D,facesSlider_question_id_15_rating,5,,,05:35:22 15.10.25,1760506522
UID_SP20sl36fj69qK77Fk,D,question_id_12,D,A,D,05:35:25 15.10.25,1760506525
UID_SP20sl36fj69qK77Fk,D,facesSlider_question_id_12_rating,5,,,05:35:27 15.10.25,1760506527
UID_SP20sl36fj69qK77Fk,D,question_id_3,B,A,A,05:35:30 15.10.25,1760506530
UID_SP20sl36fj69qK77Fk,D,facesSlider_question_id_3_rating,5,,,05:35:34 15.10.25,1760506534
UID_SP20sl36fj69qK77Fk,D,question_id_17,D,C,A,05:35:38 15.10.25,1760506538
UID_SP20sl36fj69qK77Fk,D,facesSlider_question_id_17_rating,5,,,05:35:40 15.10.25,1760506540
UID_SP20sl36fj69qK77Fk,D,facesSlider_block_end_questionnaire_explanation_PREDICTION_WITH_CONFIDENCE_question_1,4,,,05:35:44 15.10.25,1760506544
UID_SP20sl36fj69qK77Fk,D,facesSlider_block_end_questionnaire_explanation_PREDICTION_WITH_CONFIDENCE_question_2,5,,,05:35:50 15.10.25,1760506550
UID_SP20sl36fj69qK77Fk,D,facesSlider_block_end_questionnaire_explanation_PREDICTION_WITH_CONFIDENCE_question_3,5,,,05:35:53 15.10.25,1760506553
UID_qr94Yx05fa61mj92cG,A,question_id_22,A,B,D,05:38:47 15.10.25,1760506727
UID_qr94Yx05fa61mj92cG,A,facesSlider_question_id_22_rating,4,,,05:38:49 15.10.25,1760506729
UID_qr94Yx05fa61mj92cG,A,question_id_17,B,C,A,05:38:53 15.10.25,1760506733
UID_qr94Yx05fa61mj92cG,A,facesSlider_question_id_17_rating,4,,,05:38:55 15.10.25,1760506735
UID_qr94Yx05fa61mj92cG,A,question_id_4,B,A,D,05:38:59 15.10.25,1760506739
UID_qr94Yx05fa61mj92cG,A,facesSlider_question_id_4_rating,5,,,05:39:02 15.10.25,1760506742
UID_qr94Yx05fa61mj92cG,A,question_id_15,C,C,C,05:39:06 15.10.25,1760506746
UID_qr94Yx05fa61mj92cG,A,facesSlider_question_id_15_rating,5,,,05:39:08 15.10.25,1760506748
UID_qr94Yx05fa61mj92cG,A,question_id_11,B,A,A,05:39:11 15.10.25,1760506751
UID_qr94Yx05fa61mj92cG,A,facesSlider_question_id_11_rating,5,,,05:39:14 15.10.25,1760506754
UID_qr94Yx05fa61mj92cG,A,question_id_20,A,B,B,05:39:17 15.10.25,1760506757
UID_qr94Yx05fa61mj92cG,A,facesSlider_question_id_20_rating,5,,,05:39:19 15.10.25,1760506759
UID_qr94Yx05fa61mj92cG,A,question_id_5,B,A,A,05:39:22 15.10.25,1760506762
UID_qr94Yx05fa61mj92cG,A,facesSlider_question_id_5_rating,4,,,05:39:25 15.10.25,1760506765
UID_qr94Yx05fa61mj92cG,A,question_id_3,A,A,A,05:39:28 15.10.25,1760506768
UID_qr94Yx05fa61mj92cG,A,facesSlider_question_id_3_rating,5,,,05:39:30 15.10.25,1760506770
UID_qr94Yx05fa61mj92cG,A,question_id_1,B,D,D,05:39:33 15.10.25,1760506773
UID_qr94Yx05fa61mj92cG,A,facesSlider_question_id_1_rating,5,,,05:39:35 15.10.25,1760506775
UID_qr94Yx05fa61mj92cG,A,question_id_12,A,A,D,05:39:38 15.10.25,1760506778
UID_qr94Yx05fa61mj92cG,A,facesSlider_question_id_12_rating,5,,,05:39:40 15.10.25,1760506780
UID_qr94Yx05fa61mj92cG,A,facesSlider_block_end_questionnaire_explanation_ONLY_PREDICTION_question_1,5,,,05:39:43 15.10.25,1760506783
UID_qr94Yx05fa61mj92cG,A,facesSlider_block_end_questionnaire_explanation_ONLY_PREDICTION_question_2,5,,,05:39:45 15.10.25,1760506785
UID_qr94Yx05fa61mj92cG,A,facesSlider_block_end_questionnaire_explanation_ONLY_PREDICTION_question_3,5,,,05:39:47 15.10.25,1760506787
UID_ZX95UZ20LH93Nm58SR,B,question_id_1,D,D,D,05:40:44 15.10.25,1760506844
UID_ZX95UZ20LH93Nm58SR,B,facesSlider_question_id_1_rating,5,,,05:40:47 15.10.25,1760506847
UID_ZX95UZ20LH93Nm58SR,B,question_id_11,A,A,A,05:40:54 15.10.25,1760506854
UID_ZX95UZ20LH93Nm58SR,B,facesSlider_question_id_11_rating,5,,,05:40:56 15.10.25,1760506856
UID_ZX95UZ20LH93Nm58SR,B,question_id_20,B,B,B,05:41:04 15.10.25,1760506864
UID_ZX95UZ20LH93Nm58SR,B,facesSlider_question_id_20_rating,4,,,05:41:07 15.10.25,1760506867
UID_ZX95UZ20LH93Nm58SR,B,question_id_5,A,A,A,05:41:13 15.10.25,1760506873
UID_ZX95UZ20LH93Nm58SR,B,facesSlider_question_id_5_rating,5,,,05:41:15 15.10.25,1760506875
UID_ZX95UZ20LH93Nm58SR,B,question_id_3,A,A,A,05:41:20 15.10.25,1760506880
UID_ZX95UZ20LH93Nm58SR,B,facesSlider_question_id_3_rating,5,,,05:41:22 15.10.25,1760506882
UID_ZX95UZ20LH93Nm58SR,B,question_id_22,B,B,D,05:41:32 15.10.25,1760506892
UID_ZX95UZ20LH93Nm58SR,B,facesSlider_question_id_22_rating,5,,,05:41:34 15.10.25,1760506894
UID_ZX95UZ20LH93Nm58SR,B,question_id_15,C,C,C,05:41:40 15.10.25,1760506900
UID_ZX95UZ20LH93Nm58SR,B,facesSlider_question_id_15_rating,5,,,05:41:43 15.10.25,1760506903
UID_ZX95UZ20LH93Nm58SR,B,question_id_17,A,C,A,05:41:47 15.10.25,1760506907
UID_ZX95UZ20LH93Nm58SR,B,facesSlider_question_id_17_rating,4,,,05:41:50 15.10.25,1760506910
UID_ZX95UZ20LH93Nm58SR,B,question_id_12,D,A,D,05:41:55 15.10.25,1760506915
UID_ZX95UZ20LH93Nm58SR,B,facesSlider_question_id_12_rating,5,,,05:41:58 15.10.25,1760506918
UID_ZX95UZ20LH93Nm58SR,B,question_id_4,A,A,D,05:42:05 15.10.25,1760506925
UID_ZX95UZ20LH93Nm58SR,B,facesSlider_question_id_4_rating,5,,,05:42:06 15.10.25,1760506926
UID_ZX95UZ20LH93Nm58SR,B,facesSlider_block_end_questionnaire_explanation_LLM_EXPLANATION_question_1,5,,,05:42:09 15.10.25,1760506929
UID_ZX95UZ20LH93Nm58SR,B,facesSlider_block_end_questionnaire_explanation_LLM_EXPLANATION_question_2,3,,,05:42:11 15.10.25,1760506931
UID_ZX95UZ20LH93Nm58SR,B,facesSlider_block_end_questionnaire_explanation_LLM_EXPLANATION_question_3,4,,,05:42:14 15.10.25,1760506934
UID_Rp08jp53qp53cx84Me,C,question_id_22,B,B,D,05:43:10 15.10.25,1760506990
UID_Rp08jp53qp53cx84Me,C,facesSlider_question_id_22_rating,5,,,05:43:16 15.10.25,1760506996
UID_Rp08jp53qp53cx84Me,C,question_id_15,B,C,C,05:43:22 15.10.25,1760507002
UID_Rp08jp53qp53cx84Me,C,facesSlider_question_id_15_rating,4,,,05:43:25 15.10.25,1760507005
UID_Rp08jp53qp53cx84Me,C,question_id_1,C,D,D,05:43:30 15.10.25,1760507010
UID_Rp08jp53qp53cx84Me,C,facesSlider_question_id_1_rating,4,,,05:43:33 15.10.25,1760507013
UID_Rp08jp53qp53cx84Me,C,question_id_20,B,B,B,05:43:39 15.10.25,1760507019
UID_Rp08jp53qp53cx84Me,C,facesSlider_question_id_20_rating,5,,,05:43:41 15.10.25,1760507021
UID_Rp08jp53qp53cx84Me,C,question_id_17,C,C,A,05:43:52 15.10.25,1760507032
UID_Rp08jp53qp53cx84Me,C,facesSlider_question_id_17_rating,5,,,05:43:54 15.10.25,1760507034
UID_Rp08jp53qp53cx84Me,C,question_id_3,B,A,A,05:44:00 15.10.25,1760507040
UID_Rp08jp53qp53cx84Me,C,facesSlider_question_id_3_rating,5,,,05:44:02 15.10.25,1760507042
UID_Rp08jp53qp53cx84Me,C,question_id_11,C,A,A,05:44:07 15.10.25,1760507047
UID_Rp08jp53qp53cx84Me,C,facesSlider_question_id_11_rating,5,,,05:44:10 15.10.25,1760507050
UID_Rp08jp53qp53cx84Me,C,question_id_4,B,A,D,05:44:13 15.10.25,1760507053
UID_Rp08jp53qp53cx84Me,C,facesSlider_question_id_4_rating,5,,,05:44:15 15.10.25,1760507055
UID_Rp08jp53qp53cx84Me,C,question_id_12,A,A,D,05:44:17 15.10.25,1760507057
UID_Rp08jp53qp53cx84Me,C,facesSlider_question_id_12_rating,5,,,05:44:20 15.10.25,1760507060
UID_Rp08jp53qp53cx84Me,C,question_id_5,A,A,A,05:44:23 15.10.25,1760507063
UID_Rp08jp53qp53cx84Me,C,facesSlider_question_id_5_rating,5,,,05:44:25 15.10.25,1760507065
UID_Rp08jp53qp53cx84Me,C,facesSlider_block_end_questionnaire_explanation_OTHER_EXPLANATION_question_1,5,,,05:44:27 15.10.25,1760507067
UID_Rp08jp53qp53cx84Me,C,facesSlider_block_end_questionnaire_explanation_OTHER_EXPLANATION_question_2,4,,,05:44:30 15.10.25,1760507070
UID_Rp08jp53qp53cx84Me,C,facesSlider_block_end_questionnaire_explanation_OTHER_EXPLANATION_question_3,4,,,05:44:32 15.10.25,1760507072
UID_xR33kk50iC99Aa91oO,D,question_id_15,C,C,C,05:45:27 15.10.25,1760507127
UID_xR33kk50iC99Aa91oO,D,facesSlider_question_id_15_rating,5,,,05:45:29 15.10.25,1760507129
UID_xR33kk50iC99Aa91oO,D,question_id_11,A,A,A,05:45:32 15.10.25,1760507132
UID_xR33kk50iC99Aa91oO,D,facesSlider_question_id_11_rating,5,,,05:45:34 15.10.25,1760507134
UID_xR33kk50iC99Aa91oO,D,question_id_4,A,A,D,05:45:37 15.10.25,1760507137
UID_xR33kk50iC99Aa91oO,D,facesSlider_question_id_4_rating,5,,,05:45:39 15.10.25,1760507139
UID_xR33kk50iC99Aa91oO,D,question_id_20,B,B,B,05:45:42 15.10.25,1760507142
UID_xR33kk50iC99Aa91oO,D,facesSlider_question_id_20_rating,4,,,05:45:45 15.10.25,1760507145
UID_xR33kk50iC99Aa91oO,D,question_id_22,B,B,D,05:45:48 15.10.25,1760507148
UID_xR33kk50iC99Aa91oO,D,facesSlider_question_id_22_rating,3,,,05:45:50 15.10.25,1760507150
UID_xR33kk50iC99Aa91oO,D,question_id_17,C,C,A,05:45:54 15.10.25,1760507154
UID_xR33kk50iC99Aa91oO,D,facesSlider_question_id_17_rating,4,,,05:45:56 15.10.25,1760507156
UID_xR33kk50iC99Aa91oO,D,question_id_3,A,A,A,05:45:59 15.10.25,1760507159
UID_xR33kk50iC99Aa91oO,D,facesSlider_question_id_3_rating,4,,,05:46:01 15.10.25,1760507161
UID_xR33kk50iC99Aa91oO,D,question_id_1,D,D,D,05:46:05 15.10.25,1760507165
UID_xR33kk50iC99Aa91oO,D,facesSlider_question_id_1_rating,5,,,05:46:07 15.10.25,1760507167
UID_xR33kk50iC99Aa91oO,D,question_id_12,A,A,D,05:46:09 15.10.25,1760507169
UID_xR33kk50iC99Aa91oO,D,facesSlider_question_id_12_rating,5,,,05:46:11 15.10.25,1760507171
UID_xR33kk50iC99Aa91oO,D,question_id_5,B,A,A,05:46:15 15.10.25,1760507175
UID_xR33kk50iC99Aa91oO,D,facesSlider_question_id_5_rating,5,,,05:46:17 15.10.25,1760507177
UID_xR33kk50iC99Aa91oO,D,facesSlider_block_end_questionnaire_explanation_PREDICTION_WITH_CONFIDENCE_question_1,3,,,05:46:19 15.10.25,1760507179
UID_xR33kk50iC99Aa91oO,D,facesSlider_block_end_questionnaire_explanation_PREDICTION_WITH_CONFIDENCE_question_2,3,,,05:46:22 15.10.25,1760507182
UID_xR33kk50iC99Aa91oO,D,facesSlider_block_end_questionnaire_explanation_PREDICTION_WITH_CONFIDENCE_question_3,3,,,05:46:24 15.10.25,1760507184
UID_mz38nF38ZM02Nd95Fw,A,question_id_12,B,A,D,05:47:21 15.10.25,1760507241
UID_mz38nF38ZM02Nd95Fw,A,facesSlider_question_id_12_rating,4,,,05:47:24 15.10.25,1760507244
UID_mz38nF38ZM02Nd95Fw,A,question_id_5,A,A,A,05:47:27 15.10.25,1760507247
UID_mz38nF38ZM02Nd95Fw,A,facesSlider_question_id_5_rating,4,,,05:47:29 15.10.25,1760507249
UID_mz38nF38ZM02Nd95Fw,A,question_id_11,B,A,A,05:47:31 15.10.25,1760507251
UID_mz38nF38ZM02Nd95Fw,A,facesSlider_question_id_11_rating,5,,,05:47:33 15.10.25,1760507253
UID_mz38nF38ZM02Nd95Fw,A,question_id_17,D,C,A,05:47:59 15.10.25,1760507279
UID_mz38nF38ZM02Nd95Fw,A,facesSlider_question_id_17_rating,5,,,05:48:02 15.10.25,1760507282
UID_mz38nF38ZM02Nd95Fw,A,question_id_1,B,D,D,05:48:06 15.10.25,1760507286
UID_mz38nF38ZM02Nd95Fw,A,facesSlider_question_id_1_rating,3,,,05:48:07 15.10.25,1760507287
UID_mz38nF38ZM02Nd95Fw,A,question_id_20,A,B,B,05:48:09 15.10.25,1760507289
UID_mz38nF38ZM02Nd95Fw,A,facesSlider_question_id_20_rating,4,,,05:48:11 15.10.25,1760507291
UID_mz38nF38ZM02Nd95Fw,A,question_id_15,B,C,C,05:48:15 15.10.25,1760507295
UID_mz38nF38ZM02Nd95Fw,A,facesSlider_question_id_15_rating,5,,,05:48:17 15.10.25,1760507297
UID_mz38nF38ZM02Nd95Fw,A,question_id_22,A,B,D,05:48:21 15.10.25,1760507301
UID_mz38nF38ZM02Nd95Fw,A,facesSlider_question_id_22_rating,4,,,05:48:23 15.10.25,1760507303
UID_mz38nF38ZM02Nd95Fw,A,question_id_3,A,A,A,05:48:27 15.10.25,1760507307
UID_mz38nF38ZM02Nd95Fw,A,facesSlider_question_id_3_rating,5,,,05:48:29 15.10.25,1760507309
UID_mz38nF38ZM02Nd95Fw,A,question_id_4,A,A,D,05:48:31 15.10.25,1760507311
UID_mz38nF38ZM02Nd95Fw,A,facesSlider_question_id_4_rating,5,,,05:48:34 15.10.25,1760507314
UID_mz38nF38ZM02Nd95Fw,A,facesSlider_block_end_questionnaire_explanation_ONLY_PREDICTION_question_1,4,,,05:48:47 15.10.25,1760507327
UID_mz38nF38ZM02Nd95Fw,A,facesSlider_block_end_questionnaire_explanation_ONLY_PREDICTION_question_2,5,,,05:48:49 15.10.25,1760507329
UID_mz38nF38ZM02Nd95Fw,A,facesSlider_block_end_questionnaire_explanation_ONLY_PREDICTION_question_3,5,,,05:48:53 15.10.25,1760507333
UID_NX02wu39MB53nq18Rz,B,question_id_3,A,A,A,05:49:52 15.10.25,1760507392
UID_NX02wu39MB53nq18Rz,B,facesSlider_question_id_3_rating,5,,,05:49:54 15.10.25,1760507394
UID_NX02wu39MB53nq18Rz,B,question_id_22,D,B,D,05:49:59 15.10.25,1760507399
UID_NX02wu39MB53nq18Rz,B,facesSlider_question_id_22_rating,3,,,05:50:01 15.10.25,1760507401
UID_NX02wu39MB53nq18Rz,B,question_id_4,D,A,D,05:50:06 15.10.25,1760507406
UID_NX02wu39MB53nq18Rz,B,facesSlider_question_id_4_rating,4,,,05:50:09 15.10.25,1760507409
UID_NX02wu39MB53nq18Rz,B,question_id_1,D,D,D,05:50:15 15.10.25,1760507415
UID_NX02wu39MB53nq18Rz,B,facesSlider_question_id_1_rating,2,,,05:50:18 15.10.25,1760507418
UID_NX02wu39MB53nq18Rz,B,question_id_11,A,A,A,05:50:23 15.10.25,1760507423
UID_NX02wu39MB53nq18Rz,B,facesSlider_question_id_11_rating,5,,,05:50:26 15.10.25,1760507426
UID_NX02wu39MB53nq18Rz,B,question_id_15,C,C,C,05:50:32 15.10.25,1760507432
UID_NX02wu39MB53nq18Rz,B,facesSlider_question_id_15_rating,4,,,05:50:34 15.10.25,1760507434
UID_NX02wu39MB53nq18Rz,B,question_id_5,A,A,A,05:50:40 15.10.25,1760507440
UID_NX02wu39MB53nq18Rz,B,facesSlider_question_id_5_rating,4,,,05:50:42 15.10.25,1760507442
UID_NX02wu39MB53nq18Rz,B,question_id_17,A,C,A,05:50:47 15.10.25,1760507447
UID_NX02wu39MB53nq18Rz,B,facesSlider_question_id_17_rating,5,,,05:50:50 15.10.25,1760507450
UID_NX02wu39MB53nq18Rz,B,question_id_12,C,A,D,05:50:57 15.10.25,1760507457
UID_NX02wu39MB53nq18Rz,B,facesSlider_question_id_12_rating,5,,,05:50:59 15.10.25,1760507459
UID_NX02wu39MB53nq18Rz,B,question_id_20,B,B,B,05:51:05 15.10.25,1760507465
UID_NX02wu39MB53nq18Rz,B,facesSlider_question_id_20_rating,5,,,05:51:08 15.10.25,1760507468
UID_NX02wu39MB53nq18Rz,B,facesSlider_block_end_questionnaire_explanation_LLM_EXPLANATION_question_1,5,,,05:51:10 15.10.25,1760507470
UID_NX02wu39MB53nq18Rz,B,facesSlider_block_end_questionnaire_explanation_LLM_EXPLANATION_question_2,5,,,05:51:12 15.10.25,1760507472
UID_NX02wu39MB53nq18Rz,B,facesSlider_block_end_questionnaire_explanation_LLM_EXPLANATION_question_3,5,,,05:51:14 15.10.25,1760507474
UID_Eh93hV50pa35wS78XW,C,question_id_3,B,A,A,05:53:16 15.10.25,1760507596
UID_Eh93hV50pa35wS78XW,C,facesSlider_question_id_3_rating,3,,,05:53:18 15.10.25,1760507598
UID_Eh93hV50pa35wS78XW,C,question_id_15,D,C,C,05:53:23 15.10.25,1760507603
UID_Eh93hV50pa35wS78XW,C,facesSlider_question_id_15_rating,5,,,05:53:26 15.10.25,1760507606
UID_Eh93hV50pa35wS78XW,C,question_id_11,B,A,A,05:53:32 15.10.25,1760507612
UID_Eh93hV50pa35wS78XW,C,facesSlider_question_id_11_rating,3,,,05:53:34 15.10.25,1760507614
UID_Eh93hV50pa35wS78XW,C,question_id_12,A,A,D,05:53:41 15.10.25,1760507621
UID_Eh93hV50pa35wS78XW,C,facesSlider_question_id_12_rating,4,,,05:53:43 15.10.25,1760507623
UID_Eh93hV50pa35wS78XW,C,question_id_1,B,D,D,05:53:49 15.10.25,1760507629
UID_Eh93hV50pa35wS78XW,C,facesSlider_question_id_1_rating,5,,,05:53:51 15.10.25,1760507631
UID_Eh93hV50pa35wS78XW,C,question_id_20,B,B,B,05:53:57 15.10.25,1760507637
UID_Eh93hV50pa35wS78XW,C,facesSlider_question_id_20_rating,4,,,05:53:59 15.10.25,1760507639
UID_Eh93hV50pa35wS78XW,C,question_id_22,D,B,D,05:54:06 15.10.25,1760507646
UID_Eh93hV50pa35wS78XW,C,facesSlider_question_id_22_rating,5,,,05:54:07 15.10.25,1760507647
UID_Eh93hV50pa35wS78XW,C,question_id_5,A,A,A,05:54:11 15.10.25,1760507651
UID_Eh93hV50pa35wS78XW,C,facesSlider_question_id_5_rating,5,,,05:54:13 15.10.25,1760507653
UID_Eh93hV50pa35wS78XW,C,question_id_4,D,A,D,05:54:19 15.10.25,1760507659
UID_Eh93hV50pa35wS78XW,C,facesSlider_question_id_4_rating,5,,,05:54:21 15.10.25,1760507661
UID_Eh93hV50pa35wS78XW,C,question_id_17,B,C,A,05:54:28 15.10.25,1760507668
UID_Eh93hV50pa35wS78XW,C,facesSlider_question_id_17_rating,5,,,05:54:30 15.10.25,1760507670
UID_Eh93hV50pa35wS78XW,C,facesSlider_block_end_questionnaire_explanation_OTHER_EXPLANATION_question_1,3,,,05:54:33 15.10.25,1760507673
UID_Eh93hV50pa35wS78XW,C,facesSlider_block_end_questionnaire_explanation_OTHER_EXPLANATION_question_2,3,,,05:54:35 15.10.25,1760507675
UID_Eh93hV50pa35wS78XW,C,facesSlider_block_end_questionnaire_explanation_OTHER_EXPLANATION_question_3,3,,,05:54:37 15.10.25,1760507677
UID_UH82Ei72CN08OE28IY,D,question_id_5,B,A,A,05:55:33 15.10.25,1760507733
UID_UH82Ei72CN08OE28IY,D,facesSlider_question_id_5_rating,5,,,05:55:35 15.10.25,1760507735
UID_UH82Ei72CN08OE28IY,D,question_id_3,A,A,A,05:55:42 15.10.25,1760507742
UID_UH82Ei72CN08OE28IY,D,facesSlider_question_id_3_rating,5,,,05:55:44 15.10.25,1760507744
UID_UH82Ei72CN08OE28IY,D,question_id_4,D,A,D,05:55:52 15.10.25,1760507752
UID_UH82Ei72CN08OE28IY,D,facesSlider_question_id_4_rating,5,,,05:55:54 15.10.25,1760507754
UID_UH82Ei72CN08OE28IY,D,question_id_15,C,C,C,05:56:00 15.10.25,1760507760
UID_UH82Ei72CN08OE28IY,D,facesSlider_question_id_15_rating,5,,,05:56:04 15.10.25,1760507764
UID_UH82Ei72CN08OE28IY,D,question_id_20,C,B,B,05:56:09 15.10.25,1760507769
UID_UH82Ei72CN08OE28IY,D,facesSlider_question_id_20_rating,5,,,05:56:12 15.10.25,1760507772
UID_UH82Ei72CN08OE28IY,D,question_id_17,D,C,A,05:56:17 15.10.25,1760507777
UID_UH82Ei72CN08OE28IY,D,facesSlider_question_id_17_rating,5,,,05:56:19 15.10.25,1760507779
UID_UH82Ei72CN08OE28IY,D,question_id_22,C,B,D,05:56:24 15.10.25,1760507784
UID_UH82Ei72CN08OE28IY,D,facesSlider_question_id_22_rating,5,,,05:56:27 15.10.25,1760507787
UID_UH82Ei72CN08OE28IY,D,question_id_1,B,D,D,05:56:33 15.10.25,1760507793
UID_UH82Ei72CN08OE28IY,D,facesSlider_question_id_1_rating,2,,,05:56:36 15.10.25,1760507796
UID_UH82Ei72CN08OE28IY,D,question_id_11,D,A,A,05:56:42 15.10.25,1760507802
UID_UH82Ei72CN08OE28IY,D,facesSlider_question_id_11_rating,5,,,05:56:44 15.10.25,1760507804
UID_UH82Ei72CN08OE28IY,D,question_id_12,B,A,D,05:56:47 15.10.25,1760507807
UID_UH82Ei72CN08OE28IY,D,facesSlider_question_id_12_rating,5,,,05:56:49 15.10.25,1760507809
UID_UH82Ei72CN08OE28IY,D,facesSlider_block_end_questionnaire_explanation_PREDICTION_WITH_CONFIDENCE_question_1,3,,,05:56:52 15.10.25,1760507812
UID_UH82Ei72CN08OE28IY,D,facesSlider_block_end_questionnaire_explanation_PREDICTION_WITH_CONFIDENCE_question_2,3,,,05:56:53 15.10.25,1760507813
UID_UH82Ei72CN08OE28IY,D,facesSlider_block_end_questionnaire_explanation_PREDICTION_WITH_CONFIDENCE_question_3,4,,,05:56:56 15.10.25,1760507816
UID_Ef16VU53Cd11gm02av,A,question_id_4,B,A,D,05:57:53 15.10.25,1760507873
UID_Ef16VU53Cd11gm02av,A,facesSlider_question_id_4_rating,5,,,05:57:55 15.10.25,1760507875
UID_Ef16VU53Cd11gm02av,A,question_id_12,B,A,D,05:58:01 15.10.25,1760507881
UID_Ef16VU53Cd11gm02av,A,facesSlider_question_id_12_rating,5,,,05:58:03 15.10.25,1760507883
UID_Ef16VU53Cd11gm02av,A,question_id_22,A,B,D,05:58:09 15.10.25,1760507889
UID_Ef16VU53Cd11gm02av,A,facesSlider_question_id_22_rating,5,,,05:58:11 15.10.25,1760507891
UID_Ef16VU53Cd11gm02av,A,question_id_5,A,A,A,05:58:17 15.10.25,1760507897
UID_Ef16VU53Cd11gm02av,A,facesSlider_question_id_5_rating,5,,,05:58:20 15.10.25,1760507900
UID_Ef16VU53Cd11gm02av,A,question_id_15,B,C,C,05:58:28 15.10.25,1760507908
UID_Ef16VU53Cd11gm02av,A,facesSlider_question_id_15_rating,5,,,05:58:30 15.10.25,1760507910
UID_Ef16VU53Cd11gm02av,A,question_id_20,C,B,B,05:58:37 15.10.25,1760507917
UID_Ef16VU53Cd11gm02av,A,facesSlider_question_id_20_rating,4,,,05:58:38 15.10.25,1760507918
UID_Ef16VU53Cd11gm02av,A,question_id_1,B,D,D,05:58:44 15.10.25,1760507924
UID_Ef16VU53Cd11gm02av,A,facesSlider_question_id_1_rating,4,,,05:58:47 15.10.25,1760507927
UID_Ef16VU53Cd11gm02av,A,question_id_3,B,A,A,05:58:52 15.10.25,1760507932
UID_Ef16VU53Cd11gm02av,A,facesSlider_question_id_3_rating,3,,,05:58:54 15.10.25,1760507934
UID_Ef16VU53Cd11gm02av,A,question_id_11,B,A,A,05:58:57 15.10.25,1760507937
UID_Ef16VU53Cd11gm02av,A,facesSlider_question_id_11_rating,4,,,05:58:59 15.10.25,1760507939
UID_Ef16VU53Cd11gm02av,A,question_id_17,C,C,A,05:59:05 15.10.25,1760507945
UID_Ef16VU53Cd11gm02av,A,facesSlider_question_id_17_rating,5,,,05:59:07 15.10.25,1760507947
UID_Ef16VU53Cd11gm02av,A,facesSlider_block_end_questionnaire_explanation_ONLY_PREDICTION_question_1,4,,,05:59:09 15.10.25,1760507949
UID_Ef16VU53Cd11gm02av,A,facesSlider_block_end_questionnaire_explanation_ONLY_PREDICTION_question_2,2,,,05:59:12 15.10.25,1760507952
UID_Ef16VU53Cd11gm02av,A,facesSlider_block_end_questionnaire_explanation_ONLY_PREDICTION_question_3,2,,,05:59:14 15.10.25,1760507954
UID_Zb26aB23Dg23dk90KE,B,question_id_12,D,A,D,06:00:15 15.10.25,1760508015
UID_Zb26aB23Dg23dk90KE,B,facesSlider_question_id_12_rating,5,,,06:00:17 15.10.25,1760508017
UID_Zb26aB23Dg23dk90KE,B,question_id_20,B,B,B,06:00:24 15.10.25,1760508024
UID_Zb26aB23Dg23dk90KE,B,facesSlider_question_id_20_rating,5,,,06:00:26 15.10.25,1760508026
UID_Zb26aB23Dg23dk90KE,B,question_id_5,A,A,A,06:00:32 15.10.25,1760508032
UID_Zb26aB23Dg23dk90KE,B,facesSlider_question_id_5_rating,5,,,06:00:34 15.10.25,1760508034
UID_Zb26aB23Dg23dk90KE,B,question_id_11,A,A,A,06:00:39 15.10.25,1760508039
UID_Zb26aB23Dg23dk90KE,B,facesSlider_question_id_11_rating,5,,,06:00:41 15.10.25,1760508041
UID_Zb26aB23Dg23dk90KE,B,question_id_17,A,C,A,06:00:46 15.10.25,1760508046
UID_Zb26aB23Dg23dk90KE,B,facesSlider_question_id_17_rating,4,,,06:00:49 15.10.25,1760508049
UID_Zb26aB23Dg23dk90KE,B,question_id_3,A,A,A,06:00:54 15.10.25,1760508054
UID_Zb26aB23Dg23dk90KE,B,facesSlider_question_id_3_rating,5,,,06:00:56 15.10.25,1760508056
UID_Zb26aB23Dg23dk90KE,B,question_id_15,C,C,C,06:01:02 15.10.25,1760508062
UID_Zb26aB23Dg23dk90KE,B,facesSlider_question_id_15_rating,5,,,06:01:05 15.10.25,1760508065
UID_Zb26aB23Dg23dk90KE,B,question_id_1,D,D,D,06:01:09 15.10.25,1760508069
UID_Zb26aB23Dg23dk90KE,B,facesSlider_question_id_1_rating,5,,,06:01:11 15.10.25,1760508071
UID_Zb26aB23Dg23dk90KE,B,question_id_22,D,B,D,06:01:17 15.10.25,1760508077
UID_Zb26aB23Dg23dk90KE,B,facesSlider_question_id_22_rating,4,,,06:01:19 15.10.25,1760508079
UID_Zb26aB23Dg23dk90KE,B,question_id_4,A,A,D,06:01:25 15.10.25,1760508085
UID_Zb26aB23Dg23dk90KE,B,facesSlider_question_id_4_rating,5,,,06:01:28 15.10.25,1760508088
UID_Zb26aB23Dg23dk90KE,B,facesSlider_block_end_questionnaire_explanation_LLM_EXPLANATION_question_1,4,,,06:01:30 15.10.25,1760508090
UID_Zb26aB23Dg23dk90KE,B,facesSlider_block_end_questionnaire_explanation_LLM_EXPLANATION_question_2,4,,,06:01:32 15.10.25,1760508092
UID_Zb26aB23Dg23dk90KE,B,facesSlider_block_end_questionnaire_explanation_LLM_EXPLANATION_question_3,5,,,06:01:34 15.10.25,1760508094
UID_AU59Ct86Cq45VJ83xf,C,question_id_20,C,B,B,06:02:42 15.10.25,1760508162
UID_AU59Ct86Cq45VJ83xf,C,facesSlider_question_id_20_rating,5,,,06:02:45 15.10.25,1760508165
UID_AU59Ct86Cq45VJ83xf,C,question_id_15,D,C,C,06:02:50 15.10.25,1760508170
UID_AU59Ct86Cq45VJ83xf,C,facesSlider_question_id_15_rating,5,,,06:02:52 15.10.25,1760508172
UID_AU59Ct86Cq45VJ83xf,C,question_id_5,B,A,A,06:03:02 15.10.25,1760508182
UID_AU59Ct86Cq45VJ83xf,C,facesSlider_question_id_5_rating,4,,,06:03:05 15.10.25,1760508185
UID_AU59Ct86Cq45VJ83xf,C,question_id_12,B,A,D,06:03:10 15.10.25,1760508190
UID_AU59Ct86Cq45VJ83xf,C,facesSlider_question_id_12_rating,4,,,06:03:13 15.10.25,1760508193
UID_AU59Ct86Cq45VJ83xf,C,question_id_3,D,A,A,06:03:21 15.10.25,1760508201
UID_AU59Ct86Cq45VJ83xf,C,facesSlider_question_id_3_rating,5,,,06:03:23 15.10.25,1760508203
UID_AU59Ct86Cq45VJ83xf,C,question_id_1,B,D,D,06:03:30 15.10.25,1760508210
UID_AU59Ct86Cq45VJ83xf,C,facesSlider_question_id_1_rating,4,,,06:03:32 15.10.25,1760508212
UID_AU59Ct86Cq45VJ83xf,C,question_id_22,D,B,D,06:03:38 15.10.25,1760508218
UID_AU59Ct86Cq45VJ83xf,C,facesSlider_question_id_22_rating,5,,,06:03:41 15.10.25,1760508221
UID_AU59Ct86Cq45VJ83xf,C,question_id_17,A,C,A,06:03:48 15.10.25,1760508228
UID_AU59Ct86Cq45VJ83xf,C,facesSlider_question_id_17_rating,5,,,06:03:50 15.10.25,1760508230
UID_AU59Ct86Cq45VJ83xf,C,question_id_4,D,A,D,06:03:56 15.10.25,1760508236
UID_AU59Ct86Cq45VJ83xf,C,facesSlider_question_id_4_rating,5,,,06:03:58 15.10.25,1760508238
UID_AU59Ct86Cq45VJ83xf,C,question_id_11,A,A,A,06:04:08 15.10.25,1760508248
UID_AU59Ct86Cq45VJ83xf,C,facesSlider_question_id_11_rating,5,,,06:04:10 15.10.25,1760508250
UID_AU59Ct86Cq45VJ83xf,C,facesSlider_block_end_questionnaire_explanation_OTHER_EXPLANATION_question_1,5,,,06:04:12 15.10.25,1760508252
UID_AU59Ct86Cq45VJ83xf,C,facesSlider_block_end_questionnaire_explanation_OTHER_EXPLANATION_question_2,5,,,06:04:14 15.10.25,1760508254
UID_AU59Ct86Cq45VJ83xf,C,facesSlider_block_end_questionnaire_explanation_OTHER_EXPLANATION_question_3,5,,,06:04:18 15.10.25,1760508258
UID_SS03jl37sP43yy38VC,D,question_id_1,B,D,D,06:06:08 15.10.25,1760508368
UID_SS03jl37sP43yy38VC,D,facesSlider_question_id_1_rating,5,,,06:06:10 15.10.25,1760508370
UID_SS03jl37sP43yy38VC,D,question_id_15,D,C,C,06:06:20 15.10.25,1760508380
UID_SS03jl37sP43yy38VC,D,facesSlider_question_id_15_rating,4,,,06:06:22 15.10.25,1760508382
UID_SS03jl37sP43yy38VC,D,question_id_20,C,B,B,06:06:32 15.10.25,1760508392
UID_SS03jl37sP43yy38VC,D,facesSlider_question_id_20_rating,4,,,06:06:34 15.10.25,1760508394
UID_SS03jl37sP43yy38VC,D,question_id_3,B,A,A,06:06:40 15.10.25,1760508400
UID_SS03jl37sP43yy38VC,D,facesSlider_question_id_3_rating,4,,,06:06:42 15.10.25,1760508402
UID_SS03jl37sP43yy38VC,D,question_id_22,C,B,D,06:06:48 15.10.25,1760508408
UID_SS03jl37sP43yy38VC,D,facesSlider_question_id_22_rating,5,,,06:06:51 15.10.25,1760508411
UID_SS03jl37sP43yy38VC,D,question_id_12,B,A,D,06:06:57 15.10.25,1760508417
UID_SS03jl37sP43yy38VC,D,facesSlider_question_id_12_rating,5,,,06:06:59 15.10.25,1760508419
UID_SS03jl37sP43yy38VC,D,question_id_11,A,A,A,06:07:04 15.10.25,1760508424
UID_SS03jl37sP43yy38VC,D,facesSlider_question_id_11_rating,5,,,06:07:07 15.10.25,1760508427
UID_SS03jl37sP43yy38VC,D,question_id_5,A,A,A,06:07:12 15.10.25,1760508432
UID_SS03jl37sP43yy38VC,D,facesSlider_question_id_5_rating,5,,,06:07:14 15.10.25,1760508434
UID_SS03jl37sP43yy38VC,D,question_id_17,A,C,A,06:07:20 15.10.25,1760508440
UID_SS03jl37sP43yy38VC,D,facesSlider_question_id_17_rating,4,,,06:07:22 15.10.25,1760508442
UID_SS03jl37sP43yy38VC,D,question_id_4,D,A,D,06:07:28 15.10.25,1760508448
UID_SS03jl37sP43yy38VC,D,facesSlider_question_id_4_rating,5,,,06:07:30 15.10.25,1760508450
UID_SS03jl37sP43yy38VC,D,facesSlider_block_end_questionnaire_explanation_PREDICTION_WITH_CONFIDENCE_question_1,3,,,06:07:33 15.10.25,1760508453
UID_SS03jl37sP43yy38VC,D,facesSlider_block_end_questionnaire_explanation_PREDICTION_WITH_CONFIDENCE_question_2,4,,,06:07:35 15.10.25,1760508455
UID_SS03jl37sP43yy38VC,D,facesSlider_block_end_questionnaire_explanation_PREDICTION_WITH_CONFIDENCE_question_3,5,,,06:07:37 15.10.25,1760508457
UID_qs12zi22mH08EK63kC,A,question_id_12,A,A,D,06:08:44 15.10.25,1760508524
UID_qs12zi22mH08EK63kC,A,facesSlider_question_id_12_rating,5,,,06:08:45 15.10.25,1760508525
UID_qs12zi22mH08EK63kC,A,question_id_4,A,A,D,06:08:51 15.10.25,1760508531
UID_qs12zi22mH08EK63kC,A,facesSlider_question_id_4_rating,5,,,06:08:53 15.10.25,1760508533
UID_qs12zi22mH08EK63kC,A,question_id_20,D,B,B,06:08:59 15.10.25,1760508539
UID_qs12zi22mH08EK63kC,A,facesSlider_question_id_20_rating,5,,,06:09:03 15.10.25,1760508543
UID_qs12zi22mH08EK63kC,A,question_id_15,B,C,C,06:09:10 15.10.25,1760508550
UID_qs12zi22mH08EK63kC,A,facesSlider_question_id_15_rating,5,,,06:09:12 15.10.25,1760508552
UID_qs12zi22mH08EK63kC,A,question_id_5,B,A,A,06:09:18 15.10.25,1760508558
UID_qs12zi22mH08EK63kC,A,facesSlider_question_id_5_rating,4,,,06:09:20 15.10.25,1760508560
UID_qs12zi22mH08EK63kC,A,question_id_17,A,C,A,06:09:26 15.10.25,1760508566
UID_qs12zi22mH08EK63kC,A,facesSlider_question_id_17_rating,3,,,06:09:29 15.10.25,1760508569
UID_qs12zi22mH08EK63kC,A,question_id_3,A,A,A,06:09:34 15.10.25,1760508574
UID_qs12zi22mH08EK63kC,A,facesSlider_question_id_3_rating,5,,,06:09:36 15.10.25,1760508576
UID_qs12zi22mH08EK63kC,A,question_id_1,D,D,D,06:09:42 15.10.25,1760508582
UID_qs12zi22mH08EK63kC,A,facesSlider_question_id_1_rating,5,,,06:09:44 15.10.25,1760508584
UID_qs12zi22mH08EK63kC,A,question_id_22,D,B,D,06:09:50 15.10.25,1760508590
UID_qs12zi22mH08EK63kC,A,facesSlider_question_id_22_rating,5,,,06:09:52 15.10.25,1760508592
UID_qs12zi22mH08EK63kC,A,question_id_11,A,A,A,06:09:58 15.10.25,1760508598
UID_qs12zi22mH08EK63kC,A,facesSlider_question_id_11_rating,5,,,06:10:00 15.10.25,1760508600
UID_qs12zi22mH08EK63kC,A,facesSlider_block_end_questionnaire_explanation_ONLY_PREDICTION_question_1,3,,,06:10:01 15.10.25,1760508601
UID_qs12zi22mH08EK63kC,A,facesSlider_block_end_questionnaire_explanation_ONLY_PREDICTION_question_2,3,,,06:10:04 15.10.25,1760508604
UID_qs12zi22mH08EK63kC,A,facesSlider_block_end_questionnaire_explanation_ONLY_PREDICTION_question_3,3,,,06:10:06 15.10.25,1760508606
UID_ea49Hq37kT37Gq79IZ,B,question_id_11,A,A,A,06:14:05 15.10.25,1760508845
UID_ea49Hq37kT37Gq79IZ,B,facesSlider_question_id_11_rating,5,,,06:14:06 15.10.25,1760508846
UID_ea49Hq37kT37Gq79IZ,B,question_id_22,D,B,D,06:14:11 15.10.25,1760508851
UID_ea49Hq37kT37Gq79IZ,B,facesSlider_question_id_22_rating,5,,,06:14:13 15.10.25,1760508853
UID_ea49Hq37kT37Gq79IZ,B,question_id_5,A,A,A,06:14:19 15.10.25,1760508859
UID_ea49Hq37kT37Gq79IZ,B,facesSlider_question_id_5_rating,4,,,06:14:21 15.10.25,1760508861
UID_ea49Hq37kT37Gq79IZ,B,question_id_20,B,B,B,06:14:27 15.10.25,1760508867
UID_ea49Hq37kT37Gq79IZ,B,facesSlider_question_id_20_rating,3,,,06:14:29 15.10.25,1760508869
UID_ea49Hq37kT37Gq79IZ,B,question_id_4,D,A,D,06:14:34 15.10.25,1760508874
UID_ea49Hq37kT37Gq79IZ,B,facesSlider_question_id_4_rating,4,,,06:14:36 15.10.25,1760508876
UID_ea49Hq37kT37Gq79IZ,B,question_id_17,A,C,A,06:14:42 15.10.25,1760508882
UID_ea49Hq37kT37Gq79IZ,B,facesSlider_question_id_17_rating,5,,,06:14:44 15.10.25,1760508884
UID_ea49Hq37kT37Gq79IZ,B,question_id_3,A,A,A,06:14:50 15.10.25,1760508890
UID_ea49Hq37kT37Gq79IZ,B,facesSlider_question_id_3_rating,5,,,06:14:53 15.10.25,1760508893
UID_ea49Hq37kT37Gq79IZ,B,question_id_1,D,D,D,06:14:58 15.10.25,1760508898
UID_ea49Hq37kT37Gq79IZ,B,facesSlider_question_id_1_rating,4,,,06:15:01 15.10.25,1760508901
UID_ea49Hq37kT37Gq79IZ,B,question_id_15,D,C,C,06:15:07 15.10.25,1760508907
UID_ea49Hq37kT37Gq79IZ,B,facesSlider_question_id_15_rating,5,,,06:15:09 15.10.25,1760508909
UID_ea49Hq37kT37Gq79IZ,B,question_id_12,A,A,D,06:15:16 15.10.25,1760508916
UID_ea49Hq37kT37Gq79IZ,B,facesSlider_question_id_12_rating,5,,,06:15:18 15.10.25,1760508918
UID_ea49Hq37kT37Gq79IZ,B,facesSlider_block_end_questionnaire_explanation_LLM_EXPLANATION_question_1,4,,,06:15:20 15.10.25,1760508920
UID_ea49Hq37kT37Gq79IZ,B,facesSlider_block_end_questionnaire_explanation_LLM_EXPLANATION_question_2,3,,,06:15:23 15.10.25,1760508923
UID_ea49Hq37kT37Gq79IZ,B,facesSlider_block_end_questionnaire_explanation_LLM_EXPLANATION_question_3,4,,,06:15:25 15.10.25,1760508925
UID_BP52yJ56cV00wS87hu,C,question_id_11,A,A,A,06:16:42 15.10.25,1760509002
UID_BP52yJ56cV00wS87hu,C,facesSlider_question_id_11_rating,4,,,06:16:44 15.10.25,1760509004
UID_BP52yJ56cV00wS87hu,C,question_id_5,A,A,A,06:16:50 15.10.25,1760509010
UID_BP52yJ56cV00wS87hu,C,facesSlider_question_id_5_rating,5,,,06:16:52 15.10.25,1760509012
UID_BP52yJ56cV00wS87hu,C,question_id_1,D,D,D,06:16:58 15.10.25,1760509018
UID_BP52yJ56cV00wS87hu,C,facesSlider_question_id_1_rating,4,,,06:17:01 15.10.25,1760509021
UID_BP52yJ56cV00wS87hu,C,question_id_20,B,B,B,06:17:06 15.10.25,1760509026
UID_BP52yJ56cV00wS87hu,C,facesSlider_question_id_20_rating,4,,,06:17:08 15.10.25,1760509028
UID_BP52yJ56cV00wS87hu,C,question_id_17,A,C,A,06:17:13 15.10.25,1760509033
UID_BP52yJ56cV00wS87hu,C,facesSlider_question_id_17_rating,5,,,06:17:16 15.10.25,1760509036
UID_BP52yJ56cV00wS87hu,C,question_id_15,B,C,C,06:17:21 15.10.25,1760509041
UID_BP52yJ56cV00wS87hu,C,facesSlider_question_id_15_rating,5,,,06:17:23 15.10.25,1760509043
UID_BP52yJ56cV00wS87hu,C,question_id_4,A,A,D,06:17:29 15.10.25,1760509049
UID_BP52yJ56cV00wS87hu,C,facesSlider_question_id_4_rating,5,,,06:17:31 15.10.25,1760509051
UID_BP52yJ56cV00wS87hu,C,question_id_22,B,B,D,06:17:36 15.10.25,1760509056
UID_BP52yJ56cV00wS87hu,C,facesSlider_question_id_22_rating,5,,,06:17:38 15.10.25,1760509058
UID_BP52yJ56cV00wS87hu,C,question_id_12,A,A,D,06:17:45 15.10.25,1760509065
UID_BP52yJ56cV00wS87hu,C,facesSlider_question_id_12_rating,5,,,06:17:47 15.10.25,1760509067
UID_BP52yJ56cV00wS87hu,C,question_id_3,D,A,A,06:17:54 15.10.25,1760509074
UID_BP52yJ56cV00wS87hu,C,facesSlider_question_id_3_rating,5,,,06:17:56 15.10.25,1760509076
UID_BP52yJ56cV00wS87hu,C,facesSlider_block_end_questionnaire_explanation_OTHER_EXPLANATION_question_1,4,,,06:17:59 15.10.25,1760509079
UID_BP52yJ56cV00wS87hu,C,facesSlider_block_end_questionnaire_explanation_OTHER_EXPLANATION_question_2,3,,,06:18:01 15.10.25,1760509081
UID_BP52yJ56cV00wS87hu,C,facesSlider_block_end_questionnaire_explanation_OTHER_EXPLANATION_question_3,2,,,06:18:05 15.10.25,1760509085
UID_Bk25jp71ER15cW41fC,D,question_id_22,D,B,D,06:19:33 15.10.25,1760509173
UID_Bk25jp71ER15cW41fC,D,facesSlider_question_id_22_rating,5,,,06:19:35 15.10.25,1760509175
UID_Bk25jp71ER15cW41fC,D,question_id_4,D,A,D,06:19:42 15.10.25,1760509182
UID_Bk25jp71ER15cW41fC,D,facesSlider_question_id_4_rating,4,,,06:19:44 15.10.25,1760509184
UID_Bk25jp71ER15cW41fC,D,question_id_3,A,A,A,06:19:49 15.10.25,1760509189
UID_Bk25jp71ER15cW41fC,D,facesSlider_question_id_3_rating,5,,,06:19:52 15.10.25,1760509192
UID_Bk25jp71ER15cW41fC,D,question_id_17,A,C,A,06:19:56 15.10.25,1760509196
UID_Bk25jp71ER15cW41fC,D,facesSlider_question_id_17_rating,5,,,06:19:58 15.10.25,1760509198
UID_Bk25jp71ER15cW41fC,D,question_id_15,D,C,C,06:20:06 15.10.25,1760509206
UID_Bk25jp71ER15cW41fC,D,facesSlider_question_id_15_rating,4,,,06:20:08 15.10.25,1760509208
UID_Bk25jp71ER15cW41fC,D,question_id_20,D,B,B,06:20:12 15.10.25,1760509212
UID_Bk25jp71ER15cW41fC,D,facesSlider_question_id_20_rating,4,,,06:20:15 15.10.25,1760509215
UID_Bk25jp71ER15cW41fC,D,question_id_12,B,A,D,06:20:21 15.10.25,1760509221
UID_Bk25jp71ER15cW41fC,D,facesSlider_question_id_12_rating,5,,,06:20:23 15.10.25,1760509223
UID_Bk25jp71ER15cW41fC,D,question_id_11,B,A,A,06:20:28 15.10.25,1760509228
UID_Bk25jp71ER15cW41fC,D,facesSlider_question_id_11_rating,5,,,06:20:30 15.10.25,1760509230
UID_Bk25jp71ER15cW41fC,D,question_id_1,B,D,D,06:20:37 15.10.25,1760509237
UID_Bk25jp71ER15cW41fC,D,facesSlider_question_id_1_rating,4,,,06:20:39 15.10.25,1760509239
UID_Bk25jp71ER15cW41fC,D,question_id_5,C,A,A,06:20:45 15.10.25,1760509245
UID_Bk25jp71ER15cW41fC,D,facesSlider_question_id_5_rating,5,,,06:20:48 15.10.25,1760509248
UID_Bk25jp71ER15cW41fC,D,facesSlider_block_end_questionnaire_explanation_PREDICTION_WITH_CONFIDENCE_question_1,4,,,06:20:50 15.10.25,1760509250
UID_Bk25jp71ER15cW41fC,D,facesSlider_block_end_questionnaire_explanation_PREDICTION_WITH_CONFIDENCE_question_2,4,,,06:20:53 15.10.25,1760509253
UID_Bk25jp71ER15cW41fC,D,facesSlider_block_end_questionnaire_explanation_PREDICTION_WITH_CONFIDENCE_question_3,4,,,06:20:55 15.10.25,1760509255
UID_WT44ix96Jv53eQ64pb,A,question_id_20,B,B,B,06:22:15 15.10.25,1760509335
UID_WT44ix96Jv53eQ64pb,A,facesSlider_question_id_20_rating,4,,,06:22:17 15.10.25,1760509337
UID_WT44ix96Jv53eQ64pb,A,question_id_11,A,A,A,06:22:21 15.10.25,1760509341
UID_WT44ix96Jv53eQ64pb,A,facesSlider_question_id_11_rating,5,,,06:22:23 15.10.25,1760509343
UID_WT44ix96Jv53eQ64pb,A,question_id_1,D,D,D,06:22:26 15.10.25,1760509346
UID_WT44ix96Jv53eQ64pb,A,facesSlider_question_id_1_rating,5,,,06:22:28 15.10.25,1760509348
UID_WT44ix96Jv53eQ64pb,A,question_id_22,B,B,D,06:22:31 15.10.25,1760509351
UID_WT44ix96Jv53eQ64pb,A,facesSlider_question_id_22_rating,4,,,06:22:34 15.10.25,1760509354
UID_WT44ix96Jv53eQ64pb,A,question_id_4,A,A,D,06:22:36 15.10.25,1760509356
UID_WT44ix96Jv53eQ64pb,A,facesSlider_question_id_4_rating,5,,,06:22:38 15.10.25,1760509358
UID_WT44ix96Jv53eQ64pb,A,question_id_12,A,A,D,06:22:42 15.10.25,1760509362
UID_WT44ix96Jv53eQ64pb,A,facesSlider_question_id_12_rating,5,,,06:22:44 15.10.25,1760509364
UID_WT44ix96Jv53eQ64pb,A,question_id_17,C,C,A,06:22:48 15.10.25,1760509368
UID_WT44ix96Jv53eQ64pb,A,facesSlider_question_id_17_rating,4,,,06:22:50 15.10.25,1760509370
UID_WT44ix96Jv53eQ64pb,A,question_id_15,C,C,C,06:22:55 15.10.25,1760509375
UID_WT44ix96Jv53eQ64pb,A,facesSlider_question_id_15_rating,5,,,06:22:57 15.10.25,1760509377
UID_WT44ix96Jv53eQ64pb,A,question_id_5,A,A,A,06:22:59 15.10.25,1760509379
UID_WT44ix96Jv53eQ64pb,A,facesSlider_question_id_5_rating,5,,,06:23:01 15.10.25,1760509381
UID_WT44ix96Jv53eQ64pb,A,question_id_3,A,A,A,06:23:04 15.10.25,1760509384
UID_WT44ix96Jv53eQ64pb,A,facesSlider_question_id_3_rating,5,,,06:23:06 15.10.25,1760509386
UID_WT44ix96Jv53eQ64pb,A,facesSlider_block_end_questionnaire_explanation_ONLY_PREDICTION_question_1,5,,,06:23:10 15.10.25,1760509390
UID_WT44ix96Jv53eQ64pb,A,facesSlider_block_end_questionnaire_explanation_ONLY_PREDICTION_question_2,4,,,06:23:12 15.10.25,1760509392
UID_WT44ix96Jv53eQ64pb,A,facesSlider_block_end_questionnaire_explanation_ONLY_PREDICTION_question_3,5,,,06:23:14 15.10.25,1760509394
UID_GH68cw79WF33YP86uy,B,question_id_11,A,A,A,06:24:25 15.10.25,1760509465
UID_GH68cw79WF33YP86uy,B,facesSlider_question_id_11_rating,4,,,06:24:28 15.10.25,1760509468
UID_GH68cw79WF33YP86uy,B,question_id_5,A,A,A,06:24:33 15.10.25,1760509473
UID_GH68cw79WF33YP86uy,B,facesSlider_question_id_5_rating,5,,,06:24:35 15.10.25,1760509475
UID_GH68cw79WF33YP86uy,B,question_id_22,D,B,D,06:24:42 15.10.25,1760509482
UID_GH68cw79WF33YP86uy,B,facesSlider_question_id_22_rating,4,,,06:24:44 15.10.25,1760509484
UID_GH68cw79WF33YP86uy,B,question_id_3,A,A,A,06:24:49 15.10.25,1760509489
UID_GH68cw79WF33YP86uy,B,facesSlider_question_id_3_rating,5,,,06:24:52 15.10.25,1760509492
UID_GH68cw79WF33YP86uy,B,question_id_17,A,C,A,06:24:57 15.10.25,1760509497
UID_GH68cw79WF33YP86uy,B,facesSlider_question_id_17_rating,5,,,06:24:59 15.10.25,1760509499
UID_GH68cw79WF33YP86uy,B,question_id_4,D,A,D,06:25:05 15.10.25,1760509505
UID_GH68cw79WF33YP86uy,B,facesSlider_question_id_4_rating,5,,,06:25:06 15.10.25,1760509506
UID_GH68cw79WF33YP86uy,B,question_id_12,D,A,D,06:25:10 15.10.25,1760509510
UID_GH68cw79WF33YP86uy,B,facesSlider_question_id_12_rating,4,,,06:25:12 15.10.25,1760509512
UID_GH68cw79WF33YP86uy,B,question_id_1,A,D,D,06:25:18 15.10.25,1760509518
UID_GH68cw79WF33YP86uy,B,facesSlider_question_id_1_rating,4,,,06:25:20 15.10.25,1760509520
UID_GH68cw79WF33YP86uy,B,question_id_15,D,C,C,06:25:26 15.10.25,1760509526
UID_GH68cw79WF33YP86uy,B,facesSlider_question_id_15_rating,5,,,06:25:28 15.10.25,1760509528
UID_GH68cw79WF33YP86uy,B,question_id_20,C,B,B,06:25:35 15.10.25,1760509535
UID_GH68cw79WF33YP86uy,B,facesSlider_question_id_20_rating,5,,,06:25:38 15.10.25,1760509538
UID_GH68cw79WF33YP86uy,B,facesSlider_block_end_questionnaire_explanation_LLM_EXPLANATION_question_1,5,,,06:25:40 15.10.25,1760509540
UID_GH68cw79WF33YP86uy,B,facesSlider_block_end_questionnaire_explanation_LLM_EXPLANATION_question_2,4,,,06:25:42 15.10.25,1760509542
UID_GH68cw79WF33YP86uy,B,facesSlider_block_end_questionnaire_explanation_LLM_EXPLANATION_question_3,4,,,06:25:45 15.10.25,1760509545
UID_Sk67ig56Gh03YK90gm,C,question_id_20,B,B,B,06:54:23 15.10.25,1760511263
UID_Sk67ig56Gh03YK90gm,C,facesSlider_question_id_20_rating,5,,,06:54:25 15.10.25,1760511265
UID_Sk67ig56Gh03YK90gm,C,question_id_4,D,A,D,06:54:30 15.10.25,1760511270
UID_Sk67ig56Gh03YK90gm,C,facesSlider_question_id_4_rating,4,,,06:54:32 15.10.25,1760511272
UID_Sk67ig56Gh03YK90gm,C,question_id_3,A,A,A,06:54:37 15.10.25,1760511277
UID_Sk67ig56Gh03YK90gm,C,facesSlider_question_id_3_rating,5,,,06:54:39 15.10.25,1760511279
UID_Sk67ig56Gh03YK90gm,C,question_id_15,C,C,C,06:54:45 15.10.25,1760511285
UID_Sk67ig56Gh03YK90gm,C,facesSlider_question_id_15_rating,4,,,06:54:47 15.10.25,1760511287
UID_Sk67ig56Gh03YK90gm,C,question_id_11,D,A,A,06:54:53 15.10.25,1760511293
UID_Sk67ig56Gh03YK90gm,C,facesSlider_question_id_11_rating,4,,,06:54:55 15.10.25,1760511295
UID_Sk67ig56Gh03YK90gm,C,question_id_5,B,A,A,06:55:01 15.10.25,1760511301
UID_Sk67ig56Gh03YK90gm,C,facesSlider_question_id_5_rating,3,,,06:55:03 15.10.25,1760511303
UID_Sk67ig56Gh03YK90gm,C,question_id_22,B,B,D,06:55:09 15.10.25,1760511309
UID_Sk67ig56Gh03YK90gm,C,facesSlider_question_id_22_rating,4,,,06:55:11 15.10.25,1760511311
UID_Sk67ig56Gh03YK90gm,C,question_id_12,C,A,D,06:55:16 15.10.25,1760511316
UID_Sk67ig56Gh03YK90gm,C,facesSlider_question_id_12_rating,4,,,06:55:18 15.10.25,1760511318
UID_Sk67ig56Gh03YK90gm,C,question_id_17,B,C,A,06:55:23 15.10.25,1760511323
UID_Sk67ig56Gh03YK90gm,C,facesSlider_question_id_17_rating,3,,,06:55:26 15.10.25,1760511326
UID_Sk67ig56Gh03YK90gm,C,question_id_1,A,D,D,06:55:31 15.10.25,1760511331
UID_Sk67ig56Gh03YK90gm,C,facesSlider_question_id_1_rating,5,,,06:55:33 15.10.25,1760511333
UID_Sk67ig56Gh03YK90gm,C,facesSlider_block_end_questionnaire_explanation_OTHER_EXPLANATION_question_1,4,,,06:55:35 15.10.25,1760511335
UID_Sk67ig56Gh03YK90gm,C,facesSlider_block_end_questionnaire_explanation_OTHER_EXPLANATION_question_2,3,,,06:55:38 15.10.25,1760511338
UID_Sk67ig56Gh03YK90gm,C,facesSlider_block_end_questionnaire_explanation_OTHER_EXPLANATION_question_3,5,,,06:55:40 15.10.25,1760511340
UID_pY11SA48dM67hC13fr,D,question_id_15,C,C,C,07:54:28 15.10.25,1760514868
UID_pY11SA48dM67hC13fr,D,facesSlider_question_id_15_rating,5,,,07:54:30 15.10.25,1760514870
UID_pY11SA48dM67hC13fr,D,question_id_4,D,A,D,07:54:36 15.10.25,1760514876
UID_pY11SA48dM67hC13fr,D,facesSlider_question_id_4_rating,4,,,07:54:38 15.10.25,1760514878
UID_pY11SA48dM67hC13fr,D,question_id_11,A,A,A,07:54:43 15.10.25,1760514883
UID_pY11SA48dM67hC13fr,D,facesSlider_question_id_11_rating,5,,,07:54:46 15.10.25,1760514886
UID_pY11SA48dM67hC13fr,D,question_id_1,B,D,D,07:54:51 15.10.25,1760514891
UID_pY11SA48dM67hC13fr,D,facesSlider_question_id_1_rating,5,,,07:54:53 15.10.25,1760514893
UID_pY11SA48dM67hC13fr,D,question_id_12,A,A,D,07:54:58 15.10.25,1760514898
UID_pY11SA48dM67hC13fr,D,facesSlider_question_id_12_rating,4,,,07:55:01 15.10.25,1760514901
UID_pY11SA48dM67hC13fr,D,question_id_22,B,B,D,07:55:10 15.10.25,1760514910
UID_pY11SA48dM67hC13fr,D,facesSlider_question_id_22_rating,5,,,07:55:12 15.10.25,1760514912
UID_pY11SA48dM67hC13fr,D,question_id_5,D,A,A,07:55:17 15.10.25,1760514917
UID_pY11SA48dM67hC13fr,D,facesSlider_question_id_5_rating,5,,,07:55:19 15.10.25,1760514919
UID_pY11SA48dM67hC13fr,D,question_id_20,A,B,B,07:55:26 15.10.25,1760514926
UID_pY11SA48dM67hC13fr,D,facesSlider_question_id_20_rating,5,,,07:55:28 15.10.25,1760514928
UID_pY11SA48dM67hC13fr,D,question_id_17,D,C,A,07:55:34 15.10.25,1760514934
UID_pY11SA48dM67hC13fr,D,facesSlider_question_id_17_rating,5,,,07:55:36 15.10.25,1760514936
UID_pY11SA48dM67hC13fr,D,question_id_3,C,A,A,07:55:42 15.10.25,1760514942
UID_pY11SA48dM67hC13fr,D,facesSlider_question_id_3_rating,5,,,07:55:45 15.10.25,1760514945
UID_pY11SA48dM67hC13fr,D,facesSlider_block_end_questionnaire_explanation_PREDICTION_WITH_CONFIDENCE_question_1,4,,,07:55:47 15.10.25,1760514947
UID_pY11SA48dM67hC13fr,D,facesSlider_block_end_questionnaire_explanation_PREDICTION_WITH_CONFIDENCE_question_2,4,,,07:55:49 15.10.25,1760514949
UID_pY11SA48dM67hC13fr,D,facesSlider_block_end_questionnaire_explanation_PREDICTION_WITH_CONFIDENCE_question_3,5,,,07:55:51 15.10.25,1760514951
UID_cV12AC49Fi32kR03TZ,A,question_id_15,C,C,C,07:59:24 15.10.25,1760515164
UID_cV12AC49Fi32kR03TZ,A,facesSlider_question_id_15_rating,5,,,07:59:26 15.10.25,1760515166
UID_cV12AC49Fi32kR03TZ,A,question_id_17,A,C,A,07:59:33 15.10.25,1760515173
UID_cV12AC49Fi32kR03TZ,A,facesSlider_question_id_17_rating,5,,,07:59:36 15.10.25,1760515176
UID_cV12AC49Fi32kR03TZ,A,question_id_3,A,A,A,07:59:40 15.10.25,1760515180
UID_cV12AC49Fi32kR03TZ,A,facesSlider_question_id_3_rating,4,,,07:59:42 15.10.25,1760515182
UID_cV12AC49Fi32kR03TZ,A,question_id_11,B,A,A,07:59:47 15.10.25,1760515187
UID_cV12AC49Fi32kR03TZ,A,facesSlider_question_id_11_rating,5,,,07:59:50 15.10.25,1760515190
UID_cV12AC49Fi32kR03TZ,A,question_id_22,B,B,D,07:59:55 15.10.25,1760515195
UID_cV12AC49Fi32kR03TZ,A,facesSlider_question_id_22_rating,5,,,07:59:57 15.10.25,1760515197
UID_cV12AC49Fi32kR03TZ,A,question_id_4,A,A,D,08:00:04 15.10.25,1760515204
UID_cV12AC49Fi32kR03TZ,A,facesSlider_question_id_4_rating,5,,,08:00:07 15.10.25,1760515207
UID_cV12AC49Fi32kR03TZ,A,question_id_12,A,A,D,08:01:06 15.10.25,1760515266
UID_cV12AC49Fi32kR03TZ,A,facesSlider_question_id_12_rating,5,,,08:01:07 15.10.25,1760515267
UID_cV12AC49Fi32kR03TZ,A,question_id_5,D,A,A,08:01:13 15.10.25,1760515273
UID_cV12AC49Fi32kR03TZ,A,facesSlider_question_id_5_rating,4,,,08:01:15 15.10.25,1760515275
UID_cV12AC49Fi32kR03TZ,A,question_id_20,C,B,B,08:01:20 15.10.25,1760515280
UID_cV12AC49Fi32kR03TZ,A,facesSlider_question_id_20_rating,5,,,08:01:23 15.10.25,1760515283
UID_cV12AC49Fi32kR03TZ,A,question_id_1,A,D,D,08:01:28 15.10.25,1760515288
UID_cV12AC49Fi32kR03TZ,A,facesSlider_question_id_1_rating,5,,,08:01:30 15.10.25,1760515290
UID_cV12AC49Fi32kR03TZ,A,facesSlider_block_end_questionnaire_explanation_ONLY_PREDICTION_question_1,4,,,08:01:33 15.10.25,1760515293
UID_cV12AC49Fi32kR03TZ,A,facesSlider_block_end_questionnaire_explanation_ONLY_PREDICTION_question_2,5,,,08:01:34 15.10.25,1760515294
UID_cV12AC49Fi32kR03TZ,A,facesSlider_block_end_questionnaire_explanation_ONLY_PREDICTION_question_3,5,,,08:01:37 15.10.25,1760515297
UID_Cl67Kz56Cw50EB43Dk,B,question_id_20,B,B,B,08:04:12 15.10.25,1760515452
UID_Cl67Kz56Cw50EB43Dk,B,facesSlider_question_id_20_rating,5,,,08:04:14 15.10.25,1760515454
UID_Cl67Kz56Cw50EB43Dk,B,question_id_17,C,C,A,08:04:17 15.10.25,1760515457
UID_Cl67Kz56Cw50EB43Dk,B,facesSlider_question_id_17_rating,5,,,08:04:19 15.10.25,1760515459
UID_Cl67Kz56Cw50EB43Dk,B,question_id_12,A,A,D,08:04:22 15.10.25,1760515462
UID_Cl67Kz56Cw50EB43Dk,B,facesSlider_question_id_12_rating,5,,,08:04:24 15.10.25,1760515464
UID_Cl67Kz56Cw50EB43Dk,B,question_id_11,A,A,A,08:04:27 15.10.25,1760515467
UID_Cl67Kz56Cw50EB43Dk,B,facesSlider_question_id_11_rating,5,,,08:04:29 15.10.25,1760515469
UID_Cl67Kz56Cw50EB43Dk,B,question_id_1,D,D,D,08:04:33 15.10.25,1760515473
UID_Cl67Kz56Cw50EB43Dk,B,facesSlider_question_id_1_rating,4,,,08:04:35 15.10.25,1760515475
UID_Cl67Kz56Cw50EB43Dk,B,question_id_15,C,C,C,08:04:38 15.10.25,1760515478
UID_Cl67Kz56Cw50EB43Dk,B,facesSlider_question_id_15_rating,5,,,08:04:40 15.10.25,1760515480
UID_Cl67Kz56Cw50EB43Dk,B,question_id_5,A,A,A,08:04:43 15.10.25,1760515483
UID_Cl67Kz56Cw50EB43Dk,B,facesSlider_question_id_5_rating,5,,,08:04:45 15.10.25,1760515485
UID_Cl67Kz56Cw50EB43Dk,B,question_id_4,A,A,D,08:04:48 15.10.25,1760515488
UID_Cl67Kz56Cw50EB43Dk,B,facesSlider_question_id_4_rating,5,,,08:04:51 15.10.25,1760515491
UID_Cl67Kz56Cw50EB43Dk,B,question_id_3,A,A,A,08:04:56 15.10.25,1760515496
UID_Cl67Kz56Cw50EB43Dk,B,facesSlider_question_id_3_rating,5,,,08:04:58 15.10.25,1760515498
UID_Cl67Kz56Cw50EB43Dk,B,question_id_22,B,B,D,08:05:01 15.10.25,1760515501
UID_Cl67Kz56Cw50EB43Dk,B,facesSlider_question_id_22_rating,4,,,08:05:05 15.10.25,1760515505
UID_Cl67Kz56Cw50EB43Dk,B,facesSlider_block_end_questionnaire_explanation_LLM_EXPLANATION_question_1,4,,,08:05:07 15.10.25,1760515507
UID_Cl67Kz56Cw50EB43Dk,B,facesSlider_block_end_questionnaire_explanation_LLM_EXPLANATION_question_2,5,,,08:05:09 15.10.25,1760515509
UID_Cl67Kz56Cw50EB43Dk,B,facesSlider_block_end_questionnaire_explanation_LLM_EXPLANATION_question_3,5,,,08:05:12 15.10.25,1760515512
UID_JI33pC53sW27HV58dT,C,question_id_11,A,A,A,08:07:17 15.10.25,1760515637
UID_JI33pC53sW27HV58dT,C,facesSlider_question_id_11_rating,4,,,08:07:19 15.10.25,1760515639
UID_JI33pC53sW27HV58dT,C,question_id_5,A,A,A,08:07:24 15.10.25,1760515644
UID_JI33pC53sW27HV58dT,C,facesSlider_question_id_5_rating,5,,,08:07:26 15.10.25,1760515646
UID_JI33pC53sW27HV58dT,C,question_id_12,D,A,D,08:07:31 15.10.25,1760515651
UID_JI33pC53sW27HV58dT,C,facesSlider_question_id_12_rating,5,,,08:07:33 15.10.25,1760515653
UID_JI33pC53sW27HV58dT,C,question_id_3,A,A,A,08:07:38 15.10.25,1760515658
UID_JI33pC53sW27HV58dT,C,facesSlider_question_id_3_rating,5,,,08:07:41 15.10.25,1760515661
UID_JI33pC53sW27HV58dT,C,question_id_22,B,B,D,08:07:48 15.10.25,1760515668
UID_JI33pC53sW27HV58dT,C,facesSlider_question_id_22_rating,4,,,08:07:50 15.10.25,1760515670
UID_JI33pC53sW27HV58dT,C,question_id_15,A,C,C,08:07:55 15.10.25,1760515675
UID_JI33pC53sW27HV58dT,C,facesSlider_question_id_15_rating,4,,,08:07:56 15.10.25,1760515676
UID_JI33pC53sW27HV58dT,C,question_id_4,A,A,D,08:08:02 15.10.25,1760515682
UID_JI33pC53sW27HV58dT,C,facesSlider_question_id_4_rating,5,,,08:08:05 15.10.25,1760515685
UID_JI33pC53sW27HV58dT,C,question_id_1,B,D,D,08:08:10 15.10.25,1760515690
UID_JI33pC53sW27HV58dT,C,facesSlider_question_id_1_rating,5,,,08:08:12 15.10.25,1760515692
UID_JI33pC53sW27HV58dT,C,question_id_17,D,C,A,08:08:18 15.10.25,1760515698
UID_JI33pC53sW27HV58dT,C,facesSlider_question_id_17_rating,4,,,08:08:20 15.10.25,1760515700
UID_JI33pC53sW27HV58dT,C,question_id_20,C,B,B,08:08:25 15.10.25,1760515705
UID_JI33pC53sW27HV58dT,C,facesSlider_question_id_20_rating,5,,,08:08:27 15.10.25,1760515707
UID_JI33pC53sW27HV58dT,C,facesSlider_block_end_questionnaire_explanation_OTHER_EXPLANATION_question_1,5,,,08:08:30 15.10.25,1760515710
UID_JI33pC53sW27HV58dT,C,facesSlider_block_end_questionnaire_explanation_OTHER_EXPLANATION_question_2,4,,,08:08:32 15.10.25,1760515712
UID_JI33pC53sW27HV58dT,C,facesSlider_block_end_questionnaire_explanation_OTHER_EXPLANATION_question_3,4,,,08:08:35 15.10.25,1760515715
UID_XA25AD29Ii23qR45Sr,D,question_id_17,A,C,A,08:10:53 15.10.25,1760515853
UID_XA25AD29Ii23qR45Sr,D,facesSlider_question_id_17_rating,5,,,08:10:56 15.10.25,1760515856
UID_XA25AD29Ii23qR45Sr,D,question_id_4,D,A,D,08:11:01 15.10.25,1760515861
UID_XA25AD29Ii23qR45Sr,D,facesSlider_question_id_4_rating,5,,,08:11:04 15.10.25,1760515864
UID_XA25AD29Ii23qR45Sr,D,question_id_22,D,B,D,08:11:09 15.10.25,1760515869
UID_XA25AD29Ii23qR45Sr,D,facesSlider_question_id_22_rating,4,,,08:11:12 15.10.25,1760515872
UID_XA25AD29Ii23qR45Sr,D,question_id_3,A,A,A,08:11:17 15.10.25,1760515877
UID_XA25AD29Ii23qR45Sr,D,facesSlider_question_id_3_rating,5,,,08:11:20 15.10.25,1760515880
UID_XA25AD29Ii23qR45Sr,D,question_id_11,B,A,A,08:11:25 15.10.25,1760515885
UID_XA25AD29Ii23qR45Sr,D,facesSlider_question_id_11_rating,4,,,08:11:27 15.10.25,1760515887
UID_XA25AD29Ii23qR45Sr,D,question_id_15,A,C,C,08:11:33 15.10.25,1760515893
UID_XA25AD29Ii23qR45Sr,D,facesSlider_question_id_15_rating,4,,,08:11:35 15.10.25,1760515895
UID_XA25AD29Ii23qR45Sr,D,question_id_5,D,A,A,08:11:41 15.10.25,1760515901
UID_XA25AD29Ii23qR45Sr,D,facesSlider_question_id_5_rating,5,,,08:11:42 15.10.25,1760515902
UID_XA25AD29Ii23qR45Sr,D,question_id_1,B,D,D,08:11:47 15.10.25,1760515907
UID_XA25AD29Ii23qR45Sr,D,facesSlider_question_id_1_rating,5,,,08:11:50 15.10.25,1760515910
UID_XA25AD29Ii23qR45Sr,D,question_id_12,A,A,D,08:11:54 15.10.25,1760515914
UID_XA25AD29Ii23qR45Sr,D,facesSlider_question_id_12_rating,5,,,08:11:57 15.10.25,1760515917
UID_XA25AD29Ii23qR45Sr,D,question_id_20,C,B,B,08:12:02 15.10.25,1760515922
UID_XA25AD29Ii23qR45Sr,D,facesSlider_question_id_20_rating,4,,,08:12:05 15.10.25,1760515925
UID_XA25AD29Ii23qR45Sr,D,facesSlider_block_end_questionnaire_explanation_PREDICTION_WITH_CONFIDENCE_question_1,5,,,08:12:07 15.10.25,1760515927
UID_XA25AD29Ii23qR45Sr,D,facesSlider_block_end_questionnaire_explanation_PREDICTION_WITH_CONFIDENCE_question_2,5,,,08:12:09 15.10.25,1760515929
UID_XA25AD29Ii23qR45Sr,D,facesSlider_block_end_questionnaire_explanation_PREDICTION_WITH_CONFIDENCE_question_3,5,,,08:12:11 15.10.25,1760515931
UID_GW74ug58eY77aZ74ax,A,question_id_11,A,A,A,08:13:22 15.10.25,1760516002
UID_GW74ug58eY77aZ74ax,A,facesSlider_question_id_11_rating,5,,,08:13:24 15.10.25,1760516004
UID_GW74ug58eY77aZ74ax,A,question_id_22,B,B,D,08:13:27 15.10.25,1760516007
UID_GW74ug58eY77aZ74ax,A,facesSlider_question_id_22_rating,4,,,08:13:29 15.10.25,1760516009
UID_GW74ug58eY77aZ74ax,A,question_id_3,A,A,A,08:13:32 15.10.25,1760516012
UID_GW74ug58eY77aZ74ax,A,facesSlider_question_id_3_rating,5,,,08:13:35 15.10.25,1760516015
UID_GW74ug58eY77aZ74ax,A,question_id_17,C,C,A,08:13:38 15.10.25,1760516018
UID_GW74ug58eY77aZ74ax,A,facesSlider_question_id_17_rating,5,,,08:13:40 15.10.25,1760516020
UID_GW74ug58eY77aZ74ax,A,question_id_15,C,C,C,08:13:43 15.10.25,1760516023
UID_GW74ug58eY77aZ74ax,A,facesSlider_question_id_15_rating,5,,,08:13:45 15.10.25,1760516025
UID_GW74ug58eY77aZ74ax,A,question_id_4,A,A,D,08:13:48 15.10.25,1760516028
UID_GW74ug58eY77aZ74ax,A,facesSlider_question_id_4_rating,5,,,08:13:50 15.10.25,1760516030
UID_GW74ug58eY77aZ74ax,A,question_id_5,A,A,A,08:13:53 15.10.25,1760516033
UID_GW74ug58eY77aZ74ax,A,facesSlider_question_id_5_rating,5,,,08:13:55 15.10.25,1760516035
UID_GW74ug58eY77aZ74ax,A,question_id_1,D,D,D,08:13:59 15.10.25,1760516039
UID_GW74ug58eY77aZ74ax,A,facesSlider_question_id_1_rating,5,,,08:14:00 15.10.25,1760516040
UID_GW74ug58eY77aZ74ax,A,question_id_20,B,B,B,08:14:03 15.10.25,1760516043
UID_GW74ug58eY77aZ74ax,A,facesSlider_question_id_20_rating,5,,,08:14:06 15.10.25,1760516046
UID_GW74ug58eY77aZ74ax,A,question_id_12,A,A,D,08:14:08 15.10.25,1760516048
UID_GW74ug58eY77aZ74ax,A,facesSlider_question_id_12_rating,2,,,08:14:10 15.10.25,1760516050
UID_GW74ug58eY77aZ74ax,A,facesSlider_block_end_questionnaire_explanation_ONLY_PREDICTION_question_1,5,,,08:14:12 15.10.25,1760516052
UID_GW74ug58eY77aZ74ax,A,facesSlider_block_end_questionnaire_explanation_ONLY_PREDICTION_question_2,3,,,08:14:15 15.10.25,1760516055
UID_GW74ug58eY77aZ74ax,A,facesSlider_block_end_questionnaire_explanation_ONLY_PREDICTION_question_3,5,,,08:14:17 15.10.25,1760516057
UID_Cj27wf68Lw34Az21Au,B,question_id_12,A,A,D,08:17:27 15.10.25,1760516247
UID_Cj27wf68Lw34Az21Au,B,facesSlider_question_id_12_rating,5,,,08:17:29 15.10.25,1760516249
UID_Cj27wf68Lw34Az21Au,B,question_id_22,B,B,D,08:17:32 15.10.25,1760516252
UID_Cj27wf68Lw34Az21Au,B,facesSlider_question_id_22_rating,3,,,08:17:36 15.10.25,1760516256
UID_Cj27wf68Lw34Az21Au,B,question_id_20,B,B,B,08:17:38 15.10.25,1760516258
UID_Cj27wf68Lw34Az21Au,B,facesSlider_question_id_20_rating,5,,,08:17:41 15.10.25,1760516261
UID_Cj27wf68Lw34Az21Au,B,question_id_4,A,A,D,08:17:53 15.10.25,1760516273
UID_Cj27wf68Lw34Az21Au,B,facesSlider_question_id_4_rating,5,,,08:17:56 15.10.25,1760516276
UID_Cj27wf68Lw34Az21Au,B,question_id_1,D,D,D,08:18:08 15.10.25,1760516288
UID_Cj27wf68Lw34Az21Au,B,facesSlider_question_id_1_rating,4,,,08:18:11 15.10.25,1760516291
UID_Cj27wf68Lw34Az21Au,B,question_id_3,A,A,A,08:18:13 15.10.25,1760516293
UID_Cj27wf68Lw34Az21Au,B,facesSlider_question_id_3_rating,5,,,08:18:15 15.10.25,1760516295
UID_Cj27wf68Lw34Az21Au,B,question_id_15,C,C,C,08:18:19 15.10.25,1760516299
UID_Cj27wf68Lw34Az21Au,B,facesSlider_question_id_15_rating,4,,,08:18:21 15.10.25,1760516301
UID_Cj27wf68Lw34Az21Au,B,question_id_17,C,C,A,08:18:25 15.10.25,1760516305
UID_Cj27wf68Lw34Az21Au,B,facesSlider_question_id_17_rating,5,,,08:18:27 15.10.25,1760516307
UID_Cj27wf68Lw34Az21Au,B,question_id_5,A,A,A,08:18:30 15.10.25,1760516310
UID_Cj27wf68Lw34Az21Au,B,facesSlider_question_id_5_rating,4,,,08:18:32 15.10.25,1760516312
UID_Cj27wf68Lw34Az21Au,B,question_id_11,A,A,A,08:18:35 15.10.25,1760516315
UID_Cj27wf68Lw34Az21Au,B,facesSlider_question_id_11_rating,5,,,08:18:37 15.10.25,1760516317
UID_Cj27wf68Lw34Az21Au,B,facesSlider_block_end_questionnaire_explanation_LLM_EXPLANATION_question_1,5,,,08:18:39 15.10.25,1760516319
UID_Cj27wf68Lw34Az21Au,B,facesSlider_block_end_questionnaire_explanation_LLM_EXPLANATION_question_2,5,,,08:18:41 15.10.25,1760516321
UID_Cj27wf68Lw34Az21Au,B,facesSlider_block_end_questionnaire_explanation_LLM_EXPLANATION_question_3,4,,,08:18:44 15.10.25,1760516324
UID_la83KE59aS23mp03gc,C,question_id_11,A,A,A,08:24:41 15.10.25,1760516681
UID_la83KE59aS23mp03gc,C,facesSlider_question_id_11_rating,5,,,08:24:42 15.10.25,1760516682
UID_la83KE59aS23mp03gc,C,question_id_22,D,B,D,08:24:47 15.10.25,1760516687
UID_la83KE59aS23mp03gc,C,facesSlider_question_id_22_rating,4,,,08:24:49 15.10.25,1760516689
UID_la83KE59aS23mp03gc,C,question_id_20,B,B,B,08:25:31 15.10.25,1760516731
UID_la83KE59aS23mp03gc,C,facesSlider_question_id_20_rating,5,,,08:25:33 15.10.25,1760516733
UID_la83KE59aS23mp03gc,C,question_id_17,A,C,A,08:25:38 15.10.25,1760516738
UID_la83KE59aS23mp03gc,C,facesSlider_question_id_17_rating,5,,,08:25:40 15.10.25,1760516740
UID_la83KE59aS23mp03gc,C,question_id_1,D,D,D,08:25:46 15.10.25,1760516746
UID_la83KE59aS23mp03gc,C,facesSlider_question_id_1_rating,5,,,08:25:48 15.10.25,1760516748
UID_la83KE59aS23mp03gc,C,question_id_15,D,C,C,08:25:55 15.10.25,1760516755
UID_la83KE59aS23mp03gc,C,facesSlider_question_id_15_rating,4,,,08:25:57 15.10.25,1760516757
UID_la83KE59aS23mp03gc,C,question_id_4,C,A,D,08:26:04 15.10.25,1760516764
UID_la83KE59aS23mp03gc,C,facesSlider_question_id_4_rating,4,,,08:26:06 15.10.25,1760516766
UID_la83KE59aS23mp03gc,C,question_id_3,D,A,A,08:26:10 15.10.25,1760516770
UID_la83KE59aS23mp03gc,C,facesSlider_question_id_3_rating,4,,,08:26:12 15.10.25,1760516772
UID_la83KE59aS23mp03gc,C,question_id_12,A,A,D,08:26:17 15.10.25,1760516777
UID_la83KE59aS23mp03gc,C,facesSlider_question_id_12_rating,5,,,08:26:21 15.10.25,1760516781
UID_la83KE59aS23mp03gc,C,question_id_5,D,A,A,08:26:26 15.10.25,1760516786
UID_la83KE59aS23mp03gc,C,facesSlider_question_id_5_rating,4,,,08:26:28 15.10.25,1760516788
UID_la83KE59aS23mp03gc,C,facesSlider_block_end_questionnaire_explanation_OTHER_EXPLANATION_question_1,3,,,08:26:31 15.10.25,1760516791
UID_la83KE59aS23mp03gc,C,facesSlider_block_end_questionnaire_explanation_OTHER_EXPLANATION_question_2,4,,,08:26:33 15.10.25,1760516793
UID_la83KE59aS23mp03gc,C,facesSlider_block_end_questionnaire_explanation_OTHER_EXPLANATION_question_3,1,,,08:26:35 15.10.25,1760516795
UID_eE35cX80cl97lE32lv,D,question_id_12,D,A,D,08:28:30 15.10.25,1760516910
UID_eE35cX80cl97lE32lv,D,facesSlider_question_id_12_rating,5,,,08:28:32 15.10.25,1760516912
UID_eE35cX80cl97lE32lv,D,question_id_4,D,A,D,08:28:38 15.10.25,1760516918
UID_eE35cX80cl97lE32lv,D,facesSlider_question_id_4_rating,5,,,08:28:41 15.10.25,1760516921
UID_eE35cX80cl97lE32lv,D,question_id_17,A,C,A,08:28:47 15.10.25,1760516927
UID_eE35cX80cl97lE32lv,D,facesSlider_question_id_17_rating,3,,,08:28:50 15.10.25,1760516930
UID_eE35cX80cl97lE32lv,D,question_id_5,D,A,A,08:28:55 15.10.25,1760516935
UID_eE35cX80cl97lE32lv,D,facesSlider_question_id_5_rating,3,,,08:28:57 15.10.25,1760516937
UID_eE35cX80cl97lE32lv,D,question_id_15,B,C,C,08:29:03 15.10.25,1760516943
UID_eE35cX80cl97lE32lv,D,facesSlider_question_id_15_rating,3,,,08:29:06 15.10.25,1760516946
UID_eE35cX80cl97lE32lv,D,question_id_11,B,A,A,08:29:10 15.10.25,1760516950
UID_eE35cX80cl97lE32lv,D,facesSlider_question_id_11_rating,5,,,08:29:12 15.10.25,1760516952
UID_eE35cX80cl97lE32lv,D,question_id_3,D,A,A,08:29:17 15.10.25,1760516957
UID_eE35cX80cl97lE32lv,D,facesSlider_question_id_3_rating,5,,,08:29:19 15.10.25,1760516959
UID_eE35cX80cl97lE32lv,D,question_id_20,C,B,B,08:29:25 15.10.25,1760516965
UID_eE35cX80cl97lE32lv,D,facesSlider_question_id_20_rating,4,,,08:29:27 15.10.25,1760516967
UID_eE35cX80cl97lE32lv,D,question_id_1,B,D,D,08:29:32 15.10.25,1760516972
UID_eE35cX80cl97lE32lv,D,facesSlider_question_id_1_rating,5,,,08:29:34 15.10.25,1760516974
UID_eE35cX80cl97lE32lv,D,question_id_22,B,B,D,08:29:41 15.10.25,1760516981
UID_eE35cX80cl97lE32lv,D,facesSlider_question_id_22_rating,4,,,08:29:43 15.10.25,1760516983
UID_eE35cX80cl97lE32lv,D,facesSlider_block_end_questionnaire_explanation_PREDICTION_WITH_CONFIDENCE_question_1,2,,,08:29:45 15.10.25,1760516985
UID_eE35cX80cl97lE32lv,D,facesSlider_block_end_questionnaire_explanation_PREDICTION_WITH_CONFIDENCE_question_2,3,,,08:29:48 15.10.25,1760516988
UID_eE35cX80cl97lE32lv,D,facesSlider_block_end_questionnaire_explanation_PREDICTION_WITH_CONFIDENCE_question_3,1,,,08:29:50 15.10.25,1760516990
UID_FO79Md93vs33Gv28dx,A,question_id_22,D,B,D,08:30:43 15.10.25,1760517043
UID_FO79Md93vs33Gv28dx,A,facesSlider_question_id_22_rating,5,,,08:30:45 15.10.25,1760517045
UID_FO79Md93vs33Gv28dx,A,question_id_5,A,A,A,08:30:49 15.10.25,1760517049
UID_FO79Md93vs33Gv28dx,A,facesSlider_question_id_5_rating,3,,,08:30:51 15.10.25,1760517051
UID_FO79Md93vs33Gv28dx,A,question_id_4,D,A,D,08:30:57 15.10.25,1760517057
UID_FO79Md93vs33Gv28dx,A,facesSlider_question_id_4_rating,4,,,08:31:00 15.10.25,1760517060
UID_FO79Md93vs33Gv28dx,A,question_id_15,C,C,C,08:31:06 15.10.25,1760517066
UID_FO79Md93vs33Gv28dx,A,facesSlider_question_id_15_rating,5,,,08:31:09 15.10.25,1760517069
UID_FO79Md93vs33Gv28dx,A,question_id_17,C,C,A,08:31:14 15.10.25,1760517074
UID_FO79Md93vs33Gv28dx,A,facesSlider_question_id_17_rating,5,,,08:31:17 15.10.25,1760517077
UID_FO79Md93vs33Gv28dx,A,question_id_1,B,D,D,08:31:22 15.10.25,1760517082
UID_FO79Md93vs33Gv28dx,A,facesSlider_question_id_1_rating,4,,,08:31:25 15.10.25,1760517085
UID_FO79Md93vs33Gv28dx,A,question_id_3,D,A,A,08:31:29 15.10.25,1760517089
UID_FO79Md93vs33Gv28dx,A,facesSlider_question_id_3_rating,4,,,08:31:32 15.10.25,1760517092
UID_FO79Md93vs33Gv28dx,A,question_id_20,D,B,B,08:31:37 15.10.25,1760517097
UID_FO79Md93vs33Gv28dx,A,facesSlider_question_id_20_rating,2,,,08:31:40 15.10.25,1760517100
UID_FO79Md93vs33Gv28dx,A,question_id_12,A,A,D,08:31:45 15.10.25,1760517105
UID_FO79Md93vs33Gv28dx,A,facesSlider_question_id_12_rating,5,,,08:31:48 15.10.25,1760517108
UID_FO79Md93vs33Gv28dx,A,question_id_11,B,A,A,08:31:52 15.10.25,1760517112
UID_FO79Md93vs33Gv28dx,A,facesSlider_question_id_11_rating,5,,,08:31:54 15.10.25,1760517114
UID_FO79Md93vs33Gv28dx,A,facesSlider_block_end_questionnaire_explanation_ONLY_PREDICTION_question_1,3,,,08:31:56 15.10.25,1760517116
UID_FO79Md93vs33Gv28dx,A,facesSlider_block_end_questionnaire_explanation_ONLY_PREDICTION_question_2,2,,,08:31:58 15.10.25,1760517118
UID_FO79Md93vs33Gv28dx,A,facesSlider_block_end_questionnaire_explanation_ONLY_PREDICTION_question_3,2,,,08:32:00 15.10.25,1760517120
UID_dd22KW03HX22jf97Cu,B,question_id_12,A,A,D,08:34:43 15.10.25,1760517283
UID_dd22KW03HX22jf97Cu,B,facesSlider_question_id_12_rating,5,,,08:34:45 15.10.25,1760517285
UID_dd22KW03HX22jf97Cu,B,question_id_15,C,C,C,08:34:48 15.10.25,1760517288
UID_dd22KW03HX22jf97Cu,B,facesSlider_question_id_15_rating,5,,,08:34:50 15.10.25,1760517290
UID_dd22KW03HX22jf97Cu,B,question_id_11,A,A,A,08:34:53 15.10.25,1760517293
UID_dd22KW03HX22jf97Cu,B,facesSlider_question_id_11_rating,5,,,08:34:55 15.10.25,1760517295
UID_dd22KW03HX22jf97Cu,B,question_id_5,A,A,A,08:34:58 15.10.25,1760517298
UID_dd22KW03HX22jf97Cu,B,facesSlider_question_id_5_rating,5,,,08:35:00 15.10.25,1760517300
UID_dd22KW03HX22jf97Cu,B,question_id_22,B,B,D,08:35:03 15.10.25,1760517303
UID_dd22KW03HX22jf97Cu,B,facesSlider_question_id_22_rating,5,,,08:35:06 15.10.25,1760517306
UID_dd22KW03HX22jf97Cu,B,question_id_20,B,B,B,08:35:10 15.10.25,1760517310
UID_dd22KW03HX22jf97Cu,B,facesSlider_question_id_20_rating,4,,,08:35:12 15.10.25,1760517312
UID_dd22KW03HX22jf97Cu,B,question_id_4,A,A,D,08:35:15 15.10.25,1760517315
UID_dd22KW03HX22jf97Cu,B,facesSlider_question_id_4_rating,5,,,08:35:17 15.10.25,1760517317
UID_dd22KW03HX22jf97Cu,B,question_id_17,C,C,A,08:35:20 15.10.25,1760517320
UID_dd22KW03HX22jf97Cu,B,facesSlider_question_id_17_rating,5,,,08:35:22 15.10.25,1760517322
UID_dd22KW03HX22jf97Cu,B,question_id_3,A,A,A,08:35:26 15.10.25,1760517326
UID_dd22KW03HX22jf97Cu,B,facesSlider_question_id_3_rating,5,,,08:35:28 15.10.25,1760517328
UID_dd22KW03HX22jf97Cu,B,question_id_1,D,D,D,08:35:31 15.10.25,1760517331
UID_dd22KW03HX22jf97Cu,B,facesSlider_question_id_1_rating,5,,,08:35:33 15.10.25,1760517333
UID_dd22KW03HX22jf97Cu,B,facesSlider_block_end_questionnaire_explanation_LLM_EXPLANATION_question_1,3,,,08:35:35 15.10.25,1760517335
UID_dd22KW03HX22jf97Cu,B,facesSlider_block_end_questionnaire_explanation_LLM_EXPLANATION_question_2,5,,,08:35:37 15.10.25,1760517337
UID_dd22KW03HX22jf97Cu,B,facesSlider_block_end_questionnaire_explanation_LLM_EXPLANATION_question_3,4,,,08:35:39 15.10.25,1760517339
UID_Tq22ee80fQ68Ez01TU,C,question_id_1,D,D,D,08:51:54 15.10.25,1760518314
UID_Tq22ee80fQ68Ez01TU,C,facesSlider_question_id_1_rating,3,,,08:51:56 15.10.25,1760518316
UID_Tq22ee80fQ68Ez01TU,C,question_id_3,A,A,A,08:52:01 15.10.25,1760518321
UID_Tq22ee80fQ68Ez01TU,C,facesSlider_question_id_3_rating,4,,,08:52:03 15.10.25,1760518323
UID_Tq22ee80fQ68Ez01TU,C,question_id_11,A,A,A,08:52:08 15.10.25,1760518328
UID_Tq22ee80fQ68Ez01TU,C,facesSlider_question_id_11_rating,4,,,08:52:10 15.10.25,1760518330
UID_Tq22ee80fQ68Ez01TU,C,question_id_5,A,A,A,08:52:15 15.10.25,1760518335
UID_Tq22ee80fQ68Ez01TU,C,facesSlider_question_id_5_rating,5,,,08:52:17 15.10.25,1760518337
UID_Tq22ee80fQ68Ez01TU,C,question_id_12,A,A,D,08:52:21 15.10.25,1760518341
UID_Tq22ee80fQ68Ez01TU,C,facesSlider_question_id_12_rating,4,,,08:52:23 15.10.25,1760518343
UID_Tq22ee80fQ68Ez01TU,C,question_id_22,B,B,D,08:52:29 15.10.25,1760518349
UID_Tq22ee80fQ68Ez01TU,C,facesSlider_question_id_22_rating,5,,,08:52:31 15.10.25,1760518351
UID_Tq22ee80fQ68Ez01TU,C,question_id_15,B,C,C,08:52:37 15.10.25,1760518357
UID_Tq22ee80fQ68Ez01TU,C,facesSlider_question_id_15_rating,3,,,08:52:39 15.10.25,1760518359
UID_Tq22ee80fQ68Ez01TU,C,question_id_20,C,B,B,08:52:49 15.10.25,1760518369
UID_Tq22ee80fQ68Ez01TU,C,facesSlider_question_id_20_rating,4,,,08:52:51 15.10.25,1760518371
UID_Tq22ee80fQ68Ez01TU,C,question_id_4,A,A,D,08:52:56 15.10.25,1760518376
UID_Tq22ee80fQ68Ez01TU,C,facesSlider_question_id_4_rating,5,,,08:52:59 15.10.25,1760518379
UID_Tq22ee80fQ68Ez01TU,C,question_id_17,C,C,A,08:53:03 15.10.25,1760518383
UID_Tq22ee80fQ68Ez01TU,C,facesSlider_question_id_17_rating,4,,,08:53:07 15.10.25,1760518387
UID_Tq22ee80fQ68Ez01TU,C,facesSlider_block_end_questionnaire_explanation_OTHER_EXPLANATION_question_1,4,,,08:53:08 15.10.25,1760518388
UID_Tq22ee80fQ68Ez01TU,C,facesSlider_block_end_questionnaire_explanation_OTHER_EXPLANATION_question_2,3,,,08:53:10 15.10.25,1760518390
UID_Tq22ee80fQ68Ez01TU,C,facesSlider_block_end_questionnaire_explanation_OTHER_EXPLANATION_question_3,3,,,08:53:13 15.10.25,1760518393
UID_MM03mC26eh40xw31xm,D,question_id_17,A,C,A,08:54:12 15.10.25,1760518452
UID_MM03mC26eh40xw31xm,D,facesSlider_question_id_17_rating,4,,,08:54:14 15.10.25,1760518454
UID_MM03mC26eh40xw31xm,D,question_id_11,A,A,A,08:54:19 15.10.25,1760518459
UID_MM03mC26eh40xw31xm,D,facesSlider_question_id_11_rating,3,,,08:54:22 15.10.25,1760518462
UID_MM03mC26eh40xw31xm,D,question_id_22,D,B,D,08:54:28 15.10.25,1760518468
UID_MM03mC26eh40xw31xm,D,facesSlider_question_id_22_rating,5,,,08:54:30 15.10.25,1760518470
UID_MM03mC26eh40xw31xm,D,question_id_12,D,A,D,08:54:35 15.10.25,1760518475
UID_MM03mC26eh40xw31xm,D,facesSlider_question_id_12_rating,5,,,08:54:39 15.10.25,1760518479
UID_MM03mC26eh40xw31xm,D,question_id_5,D,A,A,08:54:44 15.10.25,1760518484
UID_MM03mC26eh40xw31xm,D,facesSlider_question_id_5_rating,2,,,08:54:46 15.10.25,1760518486
UID_MM03mC26eh40xw31xm,D,question_id_1,B,D,D,08:54:52 15.10.25,1760518492
UID_MM03mC26eh40xw31xm,D,facesSlider_question_id_1_rating,5,,,08:54:54 15.10.25,1760518494
UID_MM03mC26eh40xw31xm,D,question_id_20,C,B,B,08:55:00 15.10.25,1760518500
UID_MM03mC26eh40xw31xm,D,facesSlider_question_id_20_rating,5,,,08:55:02 15.10.25,1760518502
UID_MM03mC26eh40xw31xm,D,question_id_4,A,A,D,08:55:08 15.10.25,1760518508
UID_MM03mC26eh40xw31xm,D,facesSlider_question_id_4_rating,5,,,08:55:10 15.10.25,1760518510
UID_MM03mC26eh40xw31xm,D,question_id_3,D,A,A,08:55:14 15.10.25,1760518514
UID_MM03mC26eh40xw31xm,D,facesSlider_question_id_3_rating,3,,,08:55:17 15.10.25,1760518517
UID_MM03mC26eh40xw31xm,D,question_id_15,B,C,C,08:55:31 15.10.25,1760518531
UID_MM03mC26eh40xw31xm,D,facesSlider_question_id_15_rating,5,,,08:55:33 15.10.25,1760518533
UID_MM03mC26eh40xw31xm,D,facesSlider_block_end_questionnaire_explanation_PREDICTION_WITH_CONFIDENCE_question_1,4,,,08:55:36 15.10.25,1760518536
UID_MM03mC26eh40xw31xm,D,facesSlider_block_end_questionnaire_explanation_PREDICTION_WITH_CONFIDENCE_question_2,5,,,08:55:38 15.10.25,1760518538
UID_MM03mC26eh40xw31xm,D,facesSlider_block_end_questionnaire_explanation_PREDICTION_WITH_CONFIDENCE_question_3,5,,,08:55:41 15.10.25,1760518541
UID_iH51TF24tD80dn84nC,A,question_id_15,C,C,C,08:58:56 15.10.25,1760518736
UID_iH51TF24tD80dn84nC,A,facesSlider_question_id_15_rating,5,,,08:58:58 15.10.25,1760518738
UID_iH51TF24tD80dn84nC,A,question_id_4,D,A,D,08:59:03 15.10.25,1760518743
UID_iH51TF24tD80dn84nC,A,facesSlider_question_id_4_rating,4,,,08:59:06 15.10.25,1760518746
UID_iH51TF24tD80dn84nC,A,question_id_3,A,A,A,08:59:09 15.10.25,1760518749
UID_iH51TF24tD80dn84nC,A,facesSlider_question_id_3_rating,5,,,08:59:12 15.10.25,1760518752
UID_iH51TF24tD80dn84nC,A,question_id_17,A,C,A,08:59:17 15.10.25,1760518757
UID_iH51TF24tD80dn84nC,A,facesSlider_question_id_17_rating,4,,,08:59:19 15.10.25,1760518759
UID_iH51TF24tD80dn84nC,A,question_id_22,B,B,D,08:59:27 15.10.25,1760518767
UID_iH51TF24tD80dn84nC,A,facesSlider_question_id_22_rating,5,,,08:59:29 15.10.25,1760518769
UID_iH51TF24tD80dn84nC,A,question_id_5,B,A,A,08:59:35 15.10.25,1760518775
UID_iH51TF24tD80dn84nC,A,facesSlider_question_id_5_rating,5,,,08:59:39 15.10.25,1760518779
UID_iH51TF24tD80dn84nC,A,question_id_11,B,A,A,08:59:44 15.10.25,1760518784
UID_iH51TF24tD80dn84nC,A,facesSlider_question_id_11_rating,4,,,08:59:47 15.10.25,1760518787
UID_iH51TF24tD80dn84nC,A,question_id_1,B,D,D,08:59:52 15.10.25,1760518792
UID_iH51TF24tD80dn84nC,A,facesSlider_question_id_1_rating,4,,,08:59:54 15.10.25,1760518794
UID_iH51TF24tD80dn84nC,A,question_id_12,A,A,D,09:00:00 15.10.25,1760518800
UID_iH51TF24tD80dn84nC,A,facesSlider_question_id_12_rating,5,,,09:00:02 15.10.25,1760518802
UID_iH51TF24tD80dn84nC,A,question_id_20,C,B,B,09:00:08 15.10.25,1760518808
UID_iH51TF24tD80dn84nC,A,facesSlider_question_id_20_rating,4,,,09:00:10 15.10.25,1760518810
UID_iH51TF24tD80dn84nC,A,facesSlider_block_end_questionnaire_explanation_ONLY_PREDICTION_question_1,5,,,09:00:12 15.10.25,1760518812
UID_iH51TF24tD80dn84nC,A,facesSlider_block_end_questionnaire_explanation_ONLY_PREDICTION_question_2,5,,,09:00:14 15.10.25,1760518814
UID_iH51TF24tD80dn84nC,A,facesSlider_block_end_questionnaire_explanation_ONLY_PREDICTION_question_3,5,,,09:00:16 15.10.25,1760518816
UID_Iz52xA54Pv84Jr92FS,B,question_id_12,D,A,D,09:01:24 15.10.25,1760518884
UID_Iz52xA54Pv84Jr92FS,B,facesSlider_question_id_12_rating,5,,,09:01:26 15.10.25,1760518886
UID_Iz52xA54Pv84Jr92FS,B,question_id_20,B,B,B,09:01:32 15.10.25,1760518892
UID_Iz52xA54Pv84Jr92FS,B,facesSlider_question_id_20_rating,3,,,09:01:34 15.10.25,1760518894
UID_Iz52xA54Pv84Jr92FS,B,question_id_5,A,A,A,09:01:40 15.10.25,1760518900
UID_Iz52xA54Pv84Jr92FS,B,facesSlider_question_id_5_rating,4,,,09:01:42 15.10.25,1760518902
UID_Iz52xA54Pv84Jr92FS,B,question_id_17,A,C,A,09:01:47 15.10.25,1760518907
UID_Iz52xA54Pv84Jr92FS,B,facesSlider_question_id_17_rating,5,,,09:01:49 15.10.25,1760518909
UID_Iz52xA54Pv84Jr92FS,B,question_id_22,D,B,D,09:01:55 15.10.25,1760518915
UID_Iz52xA54Pv84Jr92FS,B,facesSlider_question_id_22_rating,5,,,09:01:58 15.10.25,1760518918
UID_Iz52xA54Pv84Jr92FS,B,question_id_4,D,A,D,09:02:19 15.10.25,1760518939
UID_Iz52xA54Pv84Jr92FS,B,facesSlider_question_id_4_rating,5,,,09:02:22 15.10.25,1760518942
UID_Iz52xA54Pv84Jr92FS,B,question_id_3,A,A,A,09:02:27 15.10.25,1760518947
UID_Iz52xA54Pv84Jr92FS,B,facesSlider_question_id_3_rating,5,,,09:02:29 15.10.25,1760518949
UID_Iz52xA54Pv84Jr92FS,B,question_id_1,A,D,D,09:02:35 15.10.25,1760518955
UID_Iz52xA54Pv84Jr92FS,B,facesSlider_question_id_1_rating,5,,,09:02:39 15.10.25,1760518959
UID_Iz52xA54Pv84Jr92FS,B,question_id_15,C,C,C,09:02:45 15.10.25,1760518965
UID_Iz52xA54Pv84Jr92FS,B,facesSlider_question_id_15_rating,5,,,09:02:49 15.10.25,1760518969
UID_Iz52xA54Pv84Jr92FS,B,question_id_11,B,A,A,09:02:54 15.10.25,1760518974
UID_Iz52xA54Pv84Jr92FS,B,facesSlider_question_id_11_rating,4,,,09:02:56 15.10.25,1760518976
UID_Iz52xA54Pv84Jr92FS,B,facesSlider_block_end_questionnaire_explanation_LLM_EXPLANATION_question_1,3,,,09:02:59 15.10.25,1760518979
UID_Iz52xA54Pv84Jr92FS,B,facesSlider_block_end_questionnaire_explanation_LLM_EXPLANATION_question_2,4,,,09:03:01 15.10.25,1760518981
UID_Iz52xA54Pv84Jr92FS,B,facesSlider_block_end_questionnaire_explanation_LLM_EXPLANATION_question_3,5,,,09:03:03 15.10.25,1760518983
UID_ys34Wg77wj37Tu16FT,C,question_id_1,D,D,D,09:17:01 15.10.25,1760519821
UID_ys34Wg77wj37Tu16FT,C,facesSlider_question_id_1_rating,4,,,09:17:04 15.10.25,1760519824
UID_ys34Wg77wj37Tu16FT,C,question_id_12,D,A,D,09:17:09 15.10.25,1760519829
UID_ys34Wg77wj37Tu16FT,C,facesSlider_question_id_12_rating,5,,,09:17:12 15.10.25,1760519832
UID_ys34Wg77wj37Tu16FT,C,question_id_15,C,C,C,09:17:16 15.10.25,1760519836
UID_ys34Wg77wj37Tu16FT,C,facesSlider_question_id_15_rating,5,,,09:17:19 15.10.25,1760519839
UID_ys34Wg77wj37Tu16FT,C,question_id_17,A,C,A,09:17:24 15.10.25,1760519844
UID_ys34Wg77wj37Tu16FT,C,facesSlider_question_id_17_rating,5,,,09:17:26 15.10.25,1760519846
UID_ys34Wg77wj37Tu16FT,C,question_id_11,A,A,A,09:17:34 15.10.25,1760519854
UID_ys34Wg77wj37Tu16FT,C,facesSlider_question_id_11_rating,5,,,09:17:40 15.10.25,1760519860
UID_ys34Wg77wj37Tu16FT,C,question_id_20,D,B,B,09:17:45 15.10.25,1760519865
UID_ys34Wg77wj37Tu16FT,C,facesSlider_question_id_20_rating,5,,,09:17:47 15.10.25,1760519867
UID_ys34Wg77wj37Tu16FT,C,question_id_4,A,A,D,09:17:52 15.10.25,1760519872
UID_ys34Wg77wj37Tu16FT,C,facesSlider_question_id_4_rating,5,,,09:17:54 15.10.25,1760519874
UID_ys34Wg77wj37Tu16FT,C,question_id_5,D,A,A,09:17:59 15.10.25,1760519879
UID_ys34Wg77wj37Tu16FT,C,facesSlider_question_id_5_rating,5,,,09:18:03 15.10.25,1760519883
UID_ys34Wg77wj37Tu16FT,C,question_id_3,D,A,A,09:18:12 15.10.25,1760519892
UID_ys34Wg77wj37Tu16FT,C,facesSlider_question_id_3_rating,5,,,09:18:14 15.10.25,1760519894
UID_ys34Wg77wj37Tu16FT,C,question_id_22,B,B,D,09:18:25 15.10.25,1760519905
UID_ys34Wg77wj37Tu16FT,C,facesSlider_question_id_22_rating,5,,,09:18:28 15.10.25,1760519908
UID_ys34Wg77wj37Tu16FT,C,facesSlider_block_end_questionnaire_explanation_OTHER_EXPLANATION_question_1,2,,,09:18:30 15.10.25,1760519910
UID_ys34Wg77wj37Tu16FT,C,facesSlider_block_end_questionnaire_explanation_OTHER_EXPLANATION_question_2,3,,,09:18:32 15.10.25,1760519912
UID_ys34Wg77wj37Tu16FT,C,facesSlider_block_end_questionnaire_explanation_OTHER_EXPLANATION_question_3,4,,,09:18:34 15.10.25,1760519914
UID_wh63At64VX53cv82wk,D,question_id_11,A,A,A,09:23:18 15.10.25,1760520198
UID_wh63At64VX53cv82wk,D,facesSlider_question_id_11_rating,5,,,09:23:20 15.10.25,1760520200
UID_wh63At64VX53cv82wk,D,question_id_1,D,D,D,09:23:31 15.10.25,1760520211
UID_wh63At64VX53cv82wk,D,facesSlider_question_id_1_rating,4,,,09:23:33 15.10.25,1760520213
UID_wh63At64VX53cv82wk,D,question_id_15,C,C,C,09:23:38 15.10.25,1760520218
UID_wh63At64VX53cv82wk,D,facesSlider_question_id_15_rating,5,,,09:23:41 15.10.25,1760520221
UID_wh63At64VX53cv82wk,D,question_id_4,D,A,D,09:23:45 15.10.25,1760520225
UID_wh63At64VX53cv82wk,D,facesSlider_question_id_4_rating,5,,,09:23:48 15.10.25,1760520228
UID_wh63At64VX53cv82wk,D,question_id_5,D,A,A,09:23:53 15.10.25,1760520233
UID_wh63At64VX53cv82wk,D,facesSlider_question_id_5_rating,5,,,09:23:55 15.10.25,1760520235
UID_wh63At64VX53cv82wk,D,question_id_3,D,A,A,09:24:00 15.10.25,1760520240
UID_wh63At64VX53cv82wk,D,facesSlider_question_id_3_rating,4,,,09:24:02 15.10.25,1760520242
UID_wh63At64VX53cv82wk,D,question_id_17,C,C,A,09:24:07 15.10.25,1760520247
UID_wh63At64VX53cv82wk,D,facesSlider_question_id_17_rating,5,,,09:24:09 15.10.25,1760520249
UID_wh63At64VX53cv82wk,D,question_id_20,C,B,B,09:24:15 15.10.25,1760520255
UID_wh63At64VX53cv82wk,D,facesSlider_question_id_20_rating,5,,,09:24:19 15.10.25,1760520259
UID_wh63At64VX53cv82wk,D,question_id_12,A,A,D,09:24:26 15.10.25,1760520266
UID_wh63At64VX53cv82wk,D,facesSlider_question_id_12_rating,5,,,09:24:27 15.10.25,1760520267
UID_wh63At64VX53cv82wk,D,question_id_22,B,B,D,09:24:32 15.10.25,1760520272
UID_wh63At64VX53cv82wk,D,facesSlider_question_id_22_rating,5,,,09:24:34 15.10.25,1760520274
UID_wh63At64VX53cv82wk,D,facesSlider_block_end_questionnaire_explanation_PREDICTION_WITH_CONFIDENCE_question_1,5,,,09:24:37 15.10.25,1760520277
UID_wh63At64VX53cv82wk,D,facesSlider_block_end_questionnaire_explanation_PREDICTION_WITH_CONFIDENCE_question_2,5,,,09:24:39 15.10.25,1760520279
UID_wh63At64VX53cv82wk,D,facesSlider_block_end_questionnaire_explanation_PREDICTION_WITH_CONFIDENCE_question_3,5,,,09:24:41 15.10.25,1760520281
UID_PK40TM77GS06lS00aL,A,question_id_3,A,A,A,09:25:52 15.10.25,1760520352
UID_PK40TM77GS06lS00aL,A,facesSlider_question_id_3_rating,5,,,09:25:54 15.10.25,1760520354
UID_PK40TM77GS06lS00aL,A,question_id_5,A,A,A,09:25:59 15.10.25,1760520359
UID_PK40TM77GS06lS00aL,A,facesSlider_question_id_5_rating,5,,,09:26:01 15.10.25,1760520361
UID_PK40TM77GS06lS00aL,A,question_id_11,A,A,A,09:26:07 15.10.25,1760520367
UID_PK40TM77GS06lS00aL,A,facesSlider_question_id_11_rating,5,,,09:26:09 15.10.25,1760520369
UID_PK40TM77GS06lS00aL,A,question_id_4,D,A,D,09:26:15 15.10.25,1760520375
UID_PK40TM77GS06lS00aL,A,facesSlider_question_id_4_rating,5,,,09:26:18 15.10.25,1760520378
UID_PK40TM77GS06lS00aL,A,question_id_17,C,C,A,09:26:23 15.10.25,1760520383
UID_PK40TM77GS06lS00aL,A,facesSlider_question_id_17_rating,5,,,09:26:25 15.10.25,1760520385
UID_PK40TM77GS06lS00aL,A,question_id_15,B,C,C,09:26:31 15.10.25,1760520391
UID_PK40TM77GS06lS00aL,A,facesSlider_question_id_15_rating,5,,,09:26:33 15.10.25,1760520393
UID_PK40TM77GS06lS00aL,A,question_id_20,A,B,B,09:26:39 15.10.25,1760520399
UID_PK40TM77GS06lS00aL,A,facesSlider_question_id_20_rating,5,,,09:26:41 15.10.25,1760520401
UID_PK40TM77GS06lS00aL,A,question_id_22,B,B,D,09:26:48 15.10.25,1760520408
UID_PK40TM77GS06lS00aL,A,facesSlider_question_id_22_rating,5,,,09:26:50 15.10.25,1760520410
UID_PK40TM77GS06lS00aL,A,question_id_12,A,A,D,09:26:55 15.10.25,1760520415
UID_PK40TM77GS06lS00aL,A,facesSlider_question_id_12_rating,5,,,09:26:58 15.10.25,1760520418
UID_PK40TM77GS06lS00aL,A,question_id_1,A,D,D,09:27:06 15.10.25,1760520426
UID_PK40TM77GS06lS00aL,A,facesSlider_question_id_1_rating,5,,,09:27:06 15.10.25,1760520426
UID_PK40TM77GS06lS00aL,A,facesSlider_block_end_questionnaire_explanation_ONLY_PREDICTION_question_1,5,,,09:27:08 15.10.25,1760520428
UID_PK40TM77GS06lS00aL,A,facesSlider_block_end_questionnaire_explanation_ONLY_PREDICTION_question_2,3,,,09:27:11 15.10.25,1760520431
UID_PK40TM77GS06lS00aL,A,facesSlider_block_end_questionnaire_explanation_ONLY_PREDICTION_question_3,4,,,09:27:13 15.10.25,1760520433
UID_tn96zW89dX86ck87dC,B,question_id_1,D,D,D,09:28:35 15.10.25,1760520515
UID_tn96zW89dX86ck87dC,B,facesSlider_question_id_1_rating,5,,,09:28:37 15.10.25,1760520517
UID_tn96zW89dX86ck87dC,B,question_id_22,D,B,D,09:28:45 15.10.25,1760520525
UID_tn96zW89dX86ck87dC,B,facesSlider_question_id_22_rating,5,,,09:28:47 15.10.25,1760520527
UID_tn96zW89dX86ck87dC,B,question_id_15,C,C,C,09:28:56 15.10.25,1760520536
UID_tn96zW89dX86ck87dC,B,facesSlider_question_id_15_rating,5,,,09:28:59 15.10.25,1760520539
UID_tn96zW89dX86ck87dC,B,question_id_5,A,A,A,09:29:05 15.10.25,1760520545
UID_tn96zW89dX86ck87dC,B,facesSlider_question_id_5_rating,5,,,09:29:07 15.10.25,1760520547
UID_tn96zW89dX86ck87dC,B,question_id_20,B,B,B,09:29:12 15.10.25,1760520552
UID_tn96zW89dX86ck87dC,B,facesSlider_question_id_20_rating,5,,,09:29:14 15.10.25,1760520554
UID_tn96zW89dX86ck87dC,B,question_id_12,D,A,D,09:29:21 15.10.25,1760520561
UID_tn96zW89dX86ck87dC,B,facesSlider_question_id_12_rating,5,,,09:29:23 15.10.25,1760520563
UID_tn96zW89dX86ck87dC,B,question_id_3,A,A,A,09:29:29 15.10.25,1760520569
UID_tn96zW89dX86ck87dC,B,facesSlider_question_id_3_rating,5,,,09:29:31 15.10.25,1760520571
UID_tn96zW89dX86ck87dC,B,question_id_11,B,A,A,09:29:37 15.10.25,1760520577
UID_tn96zW89dX86ck87dC,B,facesSlider_question_id_11_rating,5,,,09:29:39 15.10.25,1760520579
UID_tn96zW89dX86ck87dC,B,question_id_17,C,C,A,09:29:46 15.10.25,1760520586
UID_tn96zW89dX86ck87dC,B,facesSlider_question_id_17_rating,5,,,09:29:49 15.10.25,1760520589
UID_tn96zW89dX86ck87dC,B,question_id_4,A,A,D,09:29:54 15.10.25,1760520594
UID_tn96zW89dX86ck87dC,B,facesSlider_question_id_4_rating,5,,,09:29:57 15.10.25,1760520597
UID_tn96zW89dX86ck87dC,B,facesSlider_block_end_questionnaire_explanation_LLM_EXPLANATION_question_1,4,,,09:29:59 15.10.25,1760520599
UID_tn96zW89dX86ck87dC,B,facesSlider_block_end_questionnaire_explanation_LLM_EXPLANATION_question_2,5,,,09:30:01 15.10.25,1760520601
UID_tn96zW89dX86ck87dC,B,facesSlider_block_end_questionnaire_explanation_LLM_EXPLANATION_question_3,5,,,09:30:03 15.10.25,1760520603
UID_BK10xG78RZ84AS28OE,C,question_id_5,A,A,A,09:56:44 15.10.25,1760522204
UID_BK10xG78RZ84AS28OE,C,facesSlider_question_id_5_rating,5,,,09:56:50 15.10.25,1760522210
UID_BK10xG78RZ84AS28OE,C,question_id_11,A,A,A,09:57:42 15.10.25,1760522262
UID_BK10xG78RZ84AS28OE,C,facesSlider_question_id_11_rating,5,,,09:57:45 15.10.25,1760522265
UID_BK10xG78RZ84AS28OE,C,question_id_3,A,A,A,09:58:28 15.10.25,1760522308
UID_BK10xG78RZ84AS28OE,C,facesSlider_question_id_3_rating,4,,,09:58:33 15.10.25,1760522313
UID_BK10xG78RZ84AS28OE,C,question_id_22,B,B,D,09:59:29 15.10.25,1760522369
UID_BK10xG78RZ84AS28OE,C,facesSlider_question_id_22_rating,4,,,09:59:31 15.10.25,1760522371
UID_BK10xG78RZ84AS28OE,C,question_id_12,D,A,D,10:00:42 15.10.25,1760522442
UID_BK10xG78RZ84AS28OE,C,facesSlider_question_id_12_rating,4,,,10:00:44 15.10.25,1760522444
UID_BK10xG78RZ84AS28OE,C,question_id_20,B,B,B,10:02:10 15.10.25,1760522530
UID_BK10xG78RZ84AS28OE,C,facesSlider_question_id_20_rating,5,,,10:02:12 15.10.25,1760522532
UID_BK10xG78RZ84AS28OE,C,question_id_17,C,C,A,10:03:00 15.10.25,1760522580
UID_BK10xG78RZ84AS28OE,C,facesSlider_question_id_17_rating,5,,,10:03:03 15.10.25,1760522583
UID_BK10xG78RZ84AS28OE,C,question_id_4,A,A,D,10:03:41 15.10.25,1760522621
UID_BK10xG78RZ84AS28OE,C,facesSlider_question_id_4_rating,4,,,10:03:43 15.10.25,1760522623
UID_BK10xG78RZ84AS28OE,C,question_id_1,D,D,D,10:04:18 15.10.25,1760522658
UID_BK10xG78RZ84AS28OE,C,facesSlider_question_id_1_rating,5,,,10:04:20 15.10.25,1760522660
UID_BK10xG78RZ84AS28OE,C,question_id_15,C,C,C,10:05:13 15.10.25,1760522713
UID_BK10xG78RZ84AS28OE,C,facesSlider_question_id_15_rating,5,,,10:05:16 15.10.25,1760522716
UID_BK10xG78RZ84AS28OE,C,facesSlider_block_end_questionnaire_explanation_OTHER_EXPLANATION_question_1,4,,,10:05:30 15.10.25,1760522730
UID_BK10xG78RZ84AS28OE,C,facesSlider_block_end_questionnaire_explanation_OTHER_EXPLANATION_question_2,4,,,10:05:36 15.10.25,1760522736
UID_BK10xG78RZ84AS28OE,C,facesSlider_block_end_questionnaire_explanation_OTHER_EXPLANATION_question_3,4,,,10:05:47 15.10.25,1760522747
UID_we29LM61Gb71sd27Bc,D,question_id_4,A,A,D,10:25:38 15.10.25,1760523938
UID_we29LM61Gb71sd27Bc,D,facesSlider_question_id_4_rating,4,,,10:25:48 15.10.25,1760523948
UID_we29LM61Gb71sd27Bc,D,question_id_1,D,D,D,10:26:31 15.10.25,1760523991
UID_we29LM61Gb71sd27Bc,D,facesSlider_question_id_1_rating,5,,,10:26:34 15.10.25,1760523994
UID_we29LM61Gb71sd27Bc,D,question_id_12,B,A,D,10:27:21 15.10.25,1760524041
UID_we29LM61Gb71sd27Bc,D,facesSlider_question_id_12_rating,4,,,10:27:24 15.10.25,1760524044
UID_we29LM61Gb71sd27Bc,D,question_id_17,C,C,A,10:28:06 15.10.25,1760524086
UID_we29LM61Gb71sd27Bc,D,facesSlider_question_id_17_rating,5,,,10:28:09 15.10.25,1760524089
UID_we29LM61Gb71sd27Bc,D,question_id_20,B,B,B,10:29:30 15.10.25,1760524170
UID_we29LM61Gb71sd27Bc,D,facesSlider_question_id_20_rating,5,,,10:29:32 15.10.25,1760524172
UID_we29LM61Gb71sd27Bc,D,question_id_15,C,C,C,10:30:19 15.10.25,1760524219
UID_we29LM61Gb71sd27Bc,D,facesSlider_question_id_15_rating,5,,,10:30:22 15.10.25,1760524222
UID_we29LM61Gb71sd27Bc,D,question_id_11,A,A,A,10:30:56 15.10.25,1760524256
UID_we29LM61Gb71sd27Bc,D,facesSlider_question_id_11_rating,5,,,10:30:59 15.10.25,1760524259
UID_we29LM61Gb71sd27Bc,D,question_id_5,A,A,A,10:31:33 15.10.25,1760524293
UID_we29LM61Gb71sd27Bc,D,facesSlider_question_id_5_rating,4,,,10:31:37 15.10.25,1760524297
UID_we29LM61Gb71sd27Bc,D,question_id_3,A,A,A,10:32:17 15.10.25,1760524337
UID_we29LM61Gb71sd27Bc,D,facesSlider_question_id_3_rating,5,,,10:32:20 15.10.25,1760524340
UID_we29LM61Gb71sd27Bc,D,question_id_22,B,B,D,10:32:43 15.10.25,1760524363
UID_we29LM61Gb71sd27Bc,D,facesSlider_question_id_22_rating,5,,,10:32:46 15.10.25,1760524366
UID_we29LM61Gb71sd27Bc,D,facesSlider_block_end_questionnaire_explanation_PREDICTION_WITH_CONFIDENCE_question_1,3,,,10:32:58 15.10.25,1760524378
UID_we29LM61Gb71sd27Bc,D,facesSlider_block_end_questionnaire_explanation_PREDICTION_WITH_CONFIDENCE_question_2,4,,,10:33:07 15.10.25,1760524387
UID_we29LM61Gb71sd27Bc,D,facesSlider_block_end_questionnaire_explanation_PREDICTION_WITH_CONFIDENCE_question_3,4,,,10:33:17 15.10.25,1760524397
UID_EY81vW34mD85sC51ZB,A,question_id_3,A,A,A,07:00:38 16.10.25,1760598038
UID_EY81vW34mD85sC51ZB,A,facesSlider_question_id_3_rating,5,,,07:00:40 16.10.25,1760598040
UID_EY81vW34mD85sC51ZB,A,question_id_4,D,A,D,07:00:45 16.10.25,1760598045
UID_EY81vW34mD85sC51ZB,A,facesSlider_question_id_4_rating,3,,,07:00:47 16.10.25,1760598047
UID_EY81vW34mD85sC51ZB,A,question_id_15,C,C,C,07:00:54 16.10.25,1760598054
UID_EY81vW34mD85sC51ZB,A,facesSlider_question_id_15_rating,5,,,07:00:56 16.10.25,1760598056
UID_EY81vW34mD85sC51ZB,A,question_id_12,D,A,D,07:01:01 16.10.25,1760598061
UID_EY81vW34mD85sC51ZB,A,facesSlider_question_id_12_rating,5,,,07:01:05 16.10.25,1760598065
UID_EY81vW34mD85sC51ZB,A,question_id_17,A,C,A,07:01:10 16.10.25,1760598070
UID_EY81vW34mD85sC51ZB,A,facesSlider_question_id_17_rating,5,,,07:01:12 16.10.25,1760598072
UID_EY81vW34mD85sC51ZB,A,question_id_22,D,B,D,07:01:22 16.10.25,1760598082
UID_EY81vW34mD85sC51ZB,A,facesSlider_question_id_22_rating,4,,,07:01:24 16.10.25,1760598084
UID_EY81vW34mD85sC51ZB,A,question_id_5,A,A,A,07:01:29 16.10.25,1760598089
UID_EY81vW34mD85sC51ZB,A,facesSlider_question_id_5_rating,5,,,07:01:31 16.10.25,1760598091
UID_EY81vW34mD85sC51ZB,A,question_id_11,B,A,A,07:01:36 16.10.25,1760598096
UID_EY81vW34mD85sC51ZB,A,facesSlider_question_id_11_rating,5,,,07:01:38 16.10.25,1760598098
UID_EY81vW34mD85sC51ZB,A,question_id_1,A,D,D,07:01:43 16.10.25,1760598103
UID_EY81vW34mD85sC51ZB,A,facesSlider_question_id_1_rating,4,,,07:01:46 16.10.25,1760598106
UID_EY81vW34mD85sC51ZB,A,question_id_20,C,B,B,07:01:52 16.10.25,1760598112
UID_EY81vW34mD85sC51ZB,A,facesSlider_question_id_20_rating,5,,,07:01:54 16.10.25,1760598114
UID_EY81vW34mD85sC51ZB,A,facesSlider_block_end_questionnaire_explanation_ONLY_PREDICTION_question_1,4,,,07:01:56 16.10.25,1760598116
UID_EY81vW34mD85sC51ZB,A,facesSlider_block_end_questionnaire_explanation_ONLY_PREDICTION_question_2,3,,,07:01:58 16.10.25,1760598118
UID_EY81vW34mD85sC51ZB,A,facesSlider_block_end_questionnaire_explanation_ONLY_PREDICTION_question_3,3,,,07:02:00 16.10.25,1760598120
UID_iJ74Cu20Cx77sd78bo,B,question_id_15,C,C,C,08:18:01 17.10.25,1760689081
UID_iJ74Cu20Cx77sd78bo,B,facesSlider_question_id_15_rating,4,,,08:18:06 17.10.25,1760689086
UID_iJ74Cu20Cx77sd78bo,B,question_id_4,A,A,D,08:21:07 17.10.25,1760689267
UID_iJ74Cu20Cx77sd78bo,B,facesSlider_question_id_4_rating,5,,,08:21:12 17.10.25,1760689272
UID_iJ74Cu20Cx77sd78bo,B,question_id_22,B,B,D,08:23:46 17.10.25,1760689426
UID_iJ74Cu20Cx77sd78bo,B,facesSlider_question_id_22_rating,4,,,08:23:50 17.10.25,1760689430
UID_iJ74Cu20Cx77sd78bo,B,question_id_17,C,C,A,08:25:30 17.10.25,1760689530
UID_iJ74Cu20Cx77sd78bo,B,facesSlider_question_id_17_rating,5,,,08:25:33 17.10.25,1760689533
UID_iJ74Cu20Cx77sd78bo,B,question_id_5,A,A,A,08:26:45 17.10.25,1760689605
UID_iJ74Cu20Cx77sd78bo,B,facesSlider_question_id_5_rating,5,,,08:26:48 17.10.25,1760689608
UID_iJ74Cu20Cx77sd78bo,B,question_id_1,D,D,D,08:27:51 17.10.25,1760689671
UID_iJ74Cu20Cx77sd78bo,B,facesSlider_question_id_1_rating,5,,,08:27:55 17.10.25,1760689675
UID_iJ74Cu20Cx77sd78bo,B,question_id_11,A,A,A,08:28:35 17.10.25,1760689715
UID_iJ74Cu20Cx77sd78bo,B,facesSlider_question_id_11_rating,5,,,08:28:37 17.10.25,1760689717
UID_iJ74Cu20Cx77sd78bo,B,question_id_20,B,B,B,08:32:05 17.10.25,1760689925
UID_iJ74Cu20Cx77sd78bo,B,facesSlider_question_id_20_rating,4,,,08:32:06 17.10.25,1760689926
UID_iJ74Cu20Cx77sd78bo,B,question_id_3,A,A,A,08:34:21 17.10.25,1760690061
UID_iJ74Cu20Cx77sd78bo,B,facesSlider_question_id_3_rating,3,,,08:34:24 17.10.25,1760690064
UID_iJ74Cu20Cx77sd78bo,B,question_id_12,D,A,D,08:37:03 17.10.25,1760690223
UID_iJ74Cu20Cx77sd78bo,B,facesSlider_question_id_12_rating,4,,,08:37:05 17.10.25,1760690225
UID_iJ74Cu20Cx77sd78bo,B,facesSlider_block_end_questionnaire_explanation_LLM_EXPLANATION_question_1,4,,,08:37:12 17.10.25,1760690232
UID_iJ74Cu20Cx77sd78bo,B,facesSlider_block_end_questionnaire_explanation_LLM_EXPLANATION_question_2,5,,,08:37:25 17.10.25,1760690245
UID_iJ74Cu20Cx77sd78bo,B,facesSlider_block_end_questionnaire_explanation_LLM_EXPLANATION_question_3,5,,,08:37:45 17.10.25,1760690265
UID_GQ99LE04Yj17hj44dK,C,question_id_1,D,D,D,09:05:37 17.10.25,1760691937
UID_GQ99LE04Yj17hj44dK,C,facesSlider_question_id_1_rating,4,,,09:05:46 17.10.25,1760691946
UID_GQ99LE04Yj17hj44dK,C,question_id_4,D,A,D,09:08:48 17.10.25,1760692128
UID_GQ99LE04Yj17hj44dK,C,facesSlider_question_id_4_rating,3,,,09:08:52 17.10.25,1760692132
UID_GQ99LE04Yj17hj44dK,C,question_id_5,A,A,A,09:09:35 17.10.25,1760692175
UID_GQ99LE04Yj17hj44dK,C,facesSlider_question_id_5_rating,5,,,09:09:38 17.10.25,1760692178
UID_GQ99LE04Yj17hj44dK,C,question_id_12,A,A,D,09:11:05 17.10.25,1760692265
UID_GQ99LE04Yj17hj44dK,C,facesSlider_question_id_12_rating,3,,,09:11:11 17.10.25,1760692271
UID_GQ99LE04Yj17hj44dK,C,question_id_15,C,C,C,09:12:39 17.10.25,1760692359
UID_GQ99LE04Yj17hj44dK,C,facesSlider_question_id_15_rating,4,,,09:12:42 17.10.25,1760692362
UID_cA26mv07oN97bX58tH,C,question_id_20,B,B,B,09:14:27 17.10.25,1760692467
UID_cA26mv07oN97bX58tH,C,facesSlider_question_id_20_rating,5,,,09:14:32 17.10.25,1760692472
UID_GQ99LE04Yj17hj44dK,C,question_id_17,C,C,A,09:15:35 17.10.25,1760692535
UID_ug24hL65Ow73PW18xI,C,question_id_17,C,C,A,09:15:38 17.10.25,1760692538
UID_GQ99LE04Yj17hj44dK,C,facesSlider_question_id_17_rating,5,,,09:15:42 17.10.25,1760692542
UID_qD05Ru17Mu33KG63hn,C,question_id_17,A,C,A,09:16:08 17.10.25,1760692568
UID_qD05Ru17Mu33KG63hn,C,facesSlider_question_id_17_rating,3,,,09:16:18 17.10.25,1760692578
UID_GQ99LE04Yj17hj44dK,C,question_id_22,B,B,D,09:16:32 17.10.25,1760692592
UID_ug24hL65Ow73PW18xI,C,facesSlider_question_id_17_rating,4,,,09:16:34 17.10.25,1760692594
UID_GQ99LE04Yj17hj44dK,C,facesSlider_question_id_22_rating,4,,,09:16:37 17.10.25,1760692597
UID_lA21Of82Ct84Zi86eT,C,question_id_20,C,B,B,09:16:42 17.10.25,1760692602
UID_lA21Of82Ct84Zi86eT,C,facesSlider_question_id_20_rating,3,,,09:16:54 17.10.25,1760692614
UID_oH95MC45ee41BH64Yi,C,question_id_17,A,C,A,09:17:09 17.10.25,1760692629
UID_oH95MC45ee41BH64Yi,C,facesSlider_question_id_17_rating,5,,,09:17:16 17.10.25,1760692636
UID_qD05Ru17Mu33KG63hn,C,question_id_1,D,D,D,09:17:27 17.10.25,1760692647
UID_ug24hL65Ow73PW18xI,C,question_id_12,A,A,D,09:17:29 17.10.25,1760692649
UID_qD05Ru17Mu33KG63hn,C,facesSlider_question_id_1_rating,4,,,09:17:30 17.10.25,1760692650
UID_ug24hL65Ow73PW18xI,C,facesSlider_question_id_12_rating,5,,,09:17:31 17.10.25,1760692651
UID_Xs65XK08QB39hn10hQ,C,question_id_3,A,A,A,09:17:46 17.10.25,1760692666
UID_Xs65XK08QB39hn10hQ,C,facesSlider_question_id_3_rating,3,,,09:17:52 17.10.25,1760692672
UID_ug24hL65Ow73PW18xI,C,question_id_22,D,B,D,09:18:11 17.10.25,1760692691
UID_ug24hL65Ow73PW18xI,C,facesSlider_question_id_22_rating,4,,,09:18:13 17.10.25,1760692693
UID_lA21Of82Ct84Zi86eT,C,question_id_3,A,A,A,09:18:17 17.10.25,1760692697
UID_lA21Of82Ct84Zi86eT,C,facesSlider_question_id_3_rating,5,,,09:18:21 17.10.25,1760692701
UID_nz39Im56xb53fr60cv,C,question_id_15,C,C,C,09:18:50 17.10.25,1760692730
UID_nz39Im56xb53fr60cv,C,facesSlider_question_id_15_rating,3,,,09:18:55 17.10.25,1760692735
UID_lA21Of82Ct84Zi86eT,C,question_id_1,D,D,D,09:18:58 17.10.25,1760692738
UID_lA21Of82Ct84Zi86eT,C,facesSlider_question_id_1_rating,5,,,09:18:59 17.10.25,1760692739
UID_lA21Of82Ct84Zi86eT,C,question_id_5,A,A,A,09:19:16 17.10.25,1760692756
UID_qD05Ru17Mu33KG63hn,C,question_id_15,C,C,C,09:19:18 17.10.25,1760692758
UID_lA21Of82Ct84Zi86eT,C,facesSlider_question_id_5_rating,4,,,09:19:19 17.10.25,1760692759
UID_GQ99LE04Yj17hj44dK,C,question_id_20,B,B,B,09:19:24 17.10.25,1760692764
UID_qD05Ru17Mu33KG63hn,C,facesSlider_question_id_15_rating,3,,,09:19:24 17.10.25,1760692764
UID_GQ99LE04Yj17hj44dK,C,facesSlider_question_id_20_rating,5,,,09:19:27 17.10.25,1760692767
UID_lA21Of82Ct84Zi86eT,C,question_id_15,C,C,C,09:19:29 17.10.25,1760692769
UID_lA21Of82Ct84Zi86eT,C,facesSlider_question_id_15_rating,4,,,09:19:31 17.10.25,1760692771
UID_cA26mv07oN97bX58tH,C,question_id_15,C,C,C,09:19:46 17.10.25,1760692786
UID_cA26mv07oN97bX58tH,C,facesSlider_question_id_15_rating,4,,,09:19:50 17.10.25,1760692790
UID_oH95MC45ee41BH64Yi,C,question_id_12,D,A,D,09:19:50 17.10.25,1760692790
UID_oH95MC45ee41BH64Yi,C,facesSlider_question_id_12_rating,4,,,09:19:53 17.10.25,1760692793
UID_Xs65XK08QB39hn10hQ,C,question_id_12,A,A,D,09:19:59 17.10.25,1760692799
UID_Xs65XK08QB39hn10hQ,C,facesSlider_question_id_12_rating,3,,,09:20:02 17.10.25,1760692802
UID_GQ99LE04Yj17hj44dK,C,question_id_11,A,A,A,09:20:10 17.10.25,1760692810
UID_GQ99LE04Yj17hj44dK,C,facesSlider_question_id_11_rating,4,,,09:20:14 17.10.25,1760692814
UID_GQ99LE04Yj17hj44dK,C,facesSlider_question_id_11_rating,4,,,09:20:14 17.10.25,1760692814
UID_qD05Ru17Mu33KG63hn,C,question_id_20,B,B,B,09:20:35 17.10.25,1760692835
UID_qD05Ru17Mu33KG63hn,C,facesSlider_question_id_20_rating,5,,,09:20:38 17.10.25,1760692838
UID_lA21Of82Ct84Zi86eT,C,question_id_11,D,A,A,09:20:45 17.10.25,1760692845
UID_lA21Of82Ct84Zi86eT,C,facesSlider_question_id_11_rating,4,,,09:20:48 17.10.25,1760692848
UID_GQ99LE04Yj17hj44dK,C,question_id_3,A,A,A,09:21:01 17.10.25,1760692861
UID_qD05Ru17Mu33KG63hn,C,question_id_3,A,A,A,09:21:02 17.10.25,1760692862
UID_qD05Ru17Mu33KG63hn,C,facesSlider_question_id_3_rating,3,,,09:21:05 17.10.25,1760692865
UID_GQ99LE04Yj17hj44dK,C,facesSlider_question_id_3_rating,4,,,09:21:05 17.10.25,1760692865
UID_nz39Im56xb53fr60cv,C,question_id_20,B,B,B,09:21:10 17.10.25,1760692870
UID_nz39Im56xb53fr60cv,C,facesSlider_question_id_20_rating,4,,,09:21:12 17.10.25,1760692872
UID_GQ99LE04Yj17hj44dK,C,facesSlider_block_end_questionnaire_explanation_OTHER_EXPLANATION_question_1,4,,,09:21:18 17.10.25,1760692878
UID_Xs65XK08QB39hn10hQ,C,question_id_11,A,A,A,09:21:21 17.10.25,1760692881
UID_Xs65XK08QB39hn10hQ,C,facesSlider_question_id_11_rating,5,,,09:21:25 17.10.25,1760692885
UID_GQ99LE04Yj17hj44dK,C,facesSlider_block_end_questionnaire_explanation_OTHER_EXPLANATION_question_2,3,,,09:21:33 17.10.25,1760692893
UID_qD05Ru17Mu33KG63hn,C,question_id_4,A,A,D,09:21:34 17.10.25,1760692894
UID_qD05Ru17Mu33KG63hn,C,facesSlider_question_id_4_rating,4,,,09:21:36 17.10.25,1760692896
UID_GQ99LE04Yj17hj44dK,C,facesSlider_block_end_questionnaire_explanation_OTHER_EXPLANATION_question_3,4,,,09:21:40 17.10.25,1760692900
UID_ug24hL65Ow73PW18xI,C,question_id_3,A,A,A,09:21:53 17.10.25,1760692913
UID_ug24hL65Ow73PW18xI,C,facesSlider_question_id_3_rating,4,,,09:21:55 17.10.25,1760692915
UID_cA26mv07oN97bX58tH,C,question_id_4,A,A,D,09:21:59 17.10.25,1760692919
UID_cA26mv07oN97bX58tH,C,facesSlider_question_id_4_rating,4,,,09:22:03 17.10.25,1760692923
UID_nz39Im56xb53fr60cv,C,question_id_12,B,A,D,09:22:09 17.10.25,1760692929
UID_nz39Im56xb53fr60cv,C,facesSlider_question_id_12_rating,3,,,09:22:11 17.10.25,1760692931
UID_lA21Of82Ct84Zi86eT,C,question_id_17,D,C,A,09:22:13 17.10.25,1760692933
UID_lA21Of82Ct84Zi86eT,C,facesSlider_question_id_17_rating,5,,,09:22:15 17.10.25,1760692935
UID_lA21Of82Ct84Zi86eT,C,question_id_12,A,A,D,09:22:20 17.10.25,1760692940
UID_lA21Of82Ct84Zi86eT,C,facesSlider_question_id_12_rating,3,,,09:22:23 17.10.25,1760692943
UID_ug24hL65Ow73PW18xI,C,question_id_11,A,A,A,09:22:24 17.10.25,1760692944
UID_ug24hL65Ow73PW18xI,C,facesSlider_question_id_11_rating,5,,,09:22:26 17.10.25,1760692946
UID_lA21Of82Ct84Zi86eT,C,question_id_22,B,B,D,09:22:32 17.10.25,1760692952
UID_lA21Of82Ct84Zi86eT,C,facesSlider_question_id_22_rating,4,,,09:22:34 17.10.25,1760692954
UID_oH95MC45ee41BH64Yi,C,question_id_4,A,A,D,09:22:54 17.10.25,1760692974
UID_oH95MC45ee41BH64Yi,C,facesSlider_question_id_4_rating,1,,,09:22:56 17.10.25,1760692976
UID_ug24hL65Ow73PW18xI,C,question_id_15,D,C,C,09:23:24 17.10.25,1760693004
UID_nz39Im56xb53fr60cv,C,question_id_1,C,D,D,09:23:25 17.10.25,1760693005
UID_ug24hL65Ow73PW18xI,C,facesSlider_question_id_15_rating,3,,,09:23:27 17.10.25,1760693007
UID_nz39Im56xb53fr60cv,C,facesSlider_question_id_1_rating,5,,,09:23:27 17.10.25,1760693007
UID_qD05Ru17Mu33KG63hn,C,question_id_12,B,A,D,09:23:38 17.10.25,1760693018
UID_qD05Ru17Mu33KG63hn,C,facesSlider_question_id_12_rating,3,,,09:23:41 17.10.25,1760693021
UID_lA21Of82Ct84Zi86eT,C,question_id_4,B,A,D,09:23:43 17.10.25,1760693023
UID_lA21Of82Ct84Zi86eT,C,facesSlider_question_id_4_rating,5,,,09:23:45 17.10.25,1760693025
UID_nz39Im56xb53fr60cv,C,question_id_22,B,B,D,09:23:55 17.10.25,1760693035
UID_cA26mv07oN97bX58tH,C,question_id_5,A,A,A,09:23:57 17.10.25,1760693037
UID_lA21Of82Ct84Zi86eT,C,facesSlider_block_end_questionnaire_explanation_OTHER_EXPLANATION_question_1,4,,,09:23:59 17.10.25,1760693039
UID_cA26mv07oN97bX58tH,C,facesSlider_question_id_5_rating,4,,,09:23:59 17.10.25,1760693039
UID_lA21Of82Ct84Zi86eT,C,facesSlider_block_end_questionnaire_explanation_OTHER_EXPLANATION_question_2,4,,,09:24:12 17.10.25,1760693052
UID_qD05Ru17Mu33KG63hn,C,question_id_22,B,B,D,09:24:20 17.10.25,1760693060
UID_qD05Ru17Mu33KG63hn,C,facesSlider_question_id_22_rating,5,,,09:24:22 17.10.25,1760693062
UID_lA21Of82Ct84Zi86eT,C,facesSlider_block_end_questionnaire_explanation_OTHER_EXPLANATION_question_3,2,,,09:24:24 17.10.25,1760693064
UID_nz39Im56xb53fr60cv,C,facesSlider_question_id_22_rating,5,,,09:24:24 17.10.25,1760693064
UID_oH95MC45ee41BH64Yi,C,question_id_15,C,C,C,09:24:43 17.10.25,1760693083
UID_oH95MC45ee41BH64Yi,C,facesSlider_question_id_15_rating,1,,,09:24:45 17.10.25,1760693085
UID_qD05Ru17Mu33KG63hn,C,question_id_11,A,A,A,09:25:16 17.10.25,1760693116
UID_ug24hL65Ow73PW18xI,C,question_id_20,C,B,B,09:25:18 17.10.25,1760693118
UID_qD05Ru17Mu33KG63hn,C,facesSlider_question_id_11_rating,5,,,09:25:19 17.10.25,1760693119
UID_ug24hL65Ow73PW18xI,C,facesSlider_question_id_20_rating,4,,,09:25:20 17.10.25,1760693120
UID_nz39Im56xb53fr60cv,C,question_id_3,B,A,A,09:25:29 17.10.25,1760693129
UID_nz39Im56xb53fr60cv,C,facesSlider_question_id_3_rating,3,,,09:25:31 17.10.25,1760693131
UID_QQ92Ft68nh86oU22jZ,D,question_id_15,D,C,C,09:25:36 17.10.25,1760693136
UID_QQ92Ft68nh86oU22jZ,D,facesSlider_question_id_15_rating,2,,,09:25:41 17.10.25,1760693141
UID_oH95MC45ee41BH64Yi,C,question_id_11,A,A,A,09:25:51 17.10.25,1760693151
UID_OD86mb97wy67Eg22fc,C,question_id_3,D,A,A,09:25:53 17.10.25,1760693153
UID_oH95MC45ee41BH64Yi,C,facesSlider_question_id_11_rating,3,,,09:25:54 17.10.25,1760693154
UID_OD86mb97wy67Eg22fc,C,facesSlider_question_id_3_rating,4,,,09:26:01 17.10.25,1760693161
UID_cA26mv07oN97bX58tH,C,question_id_22,B,B,D,09:26:03 17.10.25,1760693163
UID_cA26mv07oN97bX58tH,C,facesSlider_question_id_22_rating,5,,,09:26:06 17.10.25,1760693166
UID_qD05Ru17Mu33KG63hn,C,question_id_5,A,A,A,09:26:12 17.10.25,1760693172
UID_ug24hL65Ow73PW18xI,C,question_id_1,D,D,D,09:26:16 17.10.25,1760693176
UID_ug24hL65Ow73PW18xI,C,facesSlider_question_id_1_rating,3,,,09:26:18 17.10.25,1760693178
UID_qD05Ru17Mu33KG63hn,C,facesSlider_question_id_5_rating,5,,,09:26:18 17.10.25,1760693178
UID_dT19xs25DD43WR91Ct,D,question_id_17,C,C,A,09:26:21 17.10.25,1760693181
UID_dT19xs25DD43WR91Ct,D,facesSlider_question_id_17_rating,2,,,09:26:25 17.10.25,1760693185
UID_qD05Ru17Mu33KG63hn,C,facesSlider_block_end_questionnaire_explanation_OTHER_EXPLANATION_question_1,4,,,09:26:27 17.10.25,1760693187
UID_nz39Im56xb53fr60cv,C,question_id_17,A,C,A,09:26:32 17.10.25,1760693192
UID_qD05Ru17Mu33KG63hn,C,facesSlider_block_end_questionnaire_explanation_OTHER_EXPLANATION_question_2,4,,,09:26:34 17.10.25,1760693194
UID_nz39Im56xb53fr60cv,C,facesSlider_question_id_17_rating,3,,,09:26:34 17.10.25,1760693194
UID_qD05Ru17Mu33KG63hn,C,facesSlider_block_end_questionnaire_explanation_OTHER_EXPLANATION_question_3,3,,,09:26:42 17.10.25,1760693202
UID_ug24hL65Ow73PW18xI,C,question_id_4,D,A,D,09:26:51 17.10.25,1760693211
UID_ug24hL65Ow73PW18xI,C,facesSlider_question_id_4_rating,4,,,09:26:54 17.10.25,1760693214
UID_nz39Im56xb53fr60cv,C,question_id_4,A,A,D,09:26:55 17.10.25,1760693215
UID_nz39Im56xb53fr60cv,C,facesSlider_question_id_4_rating,3,,,09:26:57 17.10.25,1760693217
UID_QQ92Ft68nh86oU22jZ,D,question_id_3,D,A,A,09:27:30 17.10.25,1760693250
UID_QQ92Ft68nh86oU22jZ,D,facesSlider_question_id_3_rating,4,,,09:27:32 17.10.25,1760693252
UID_nz39Im56xb53fr60cv,C,question_id_11,A,A,A,09:27:42 17.10.25,1760693262
UID_nz39Im56xb53fr60cv,C,facesSlider_question_id_11_rating,4,,,09:27:44 17.10.25,1760693264
UID_nz39Im56xb53fr60cv,C,question_id_5,B,A,A,09:28:08 17.10.25,1760693288
UID_nz39Im56xb53fr60cv,C,facesSlider_question_id_5_rating,4,,,09:28:11 17.10.25,1760693291
UID_nz39Im56xb53fr60cv,C,facesSlider_block_end_questionnaire_explanation_OTHER_EXPLANATION_question_1,4,,,09:28:20 17.10.25,1760693300
UID_oH95MC45ee41BH64Yi,C,question_id_20,D,B,B,09:28:21 17.10.25,1760693301
UID_oH95MC45ee41BH64Yi,C,facesSlider_question_id_20_rating,2,,,09:28:24 17.10.25,1760693304
UID_nz39Im56xb53fr60cv,C,facesSlider_block_end_questionnaire_explanation_OTHER_EXPLANATION_question_2,4,,,09:28:30 17.10.25,1760693310
UID_nz39Im56xb53fr60cv,C,facesSlider_block_end_questionnaire_explanation_OTHER_EXPLANATION_question_3,4,,,09:28:35 17.10.25,1760693315
UID_OD86mb97wy67Eg22fc,C,question_id_1,D,D,D,09:28:39 17.10.25,1760693319
UID_OD86mb97wy67Eg22fc,C,facesSlider_question_id_1_rating,5,,,09:28:45 17.10.25,1760693325
UID_oH95MC45ee41BH64Yi,C,question_id_3,A,A,A,09:29:02 17.10.25,1760693342
UID_oH95MC45ee41BH64Yi,C,facesSlider_question_id_3_rating,3,,,09:29:05 17.10.25,1760693345
UID_QQ92Ft68nh86oU22jZ,D,question_id_12,B,A,D,09:29:27 17.10.25,1760693367
UID_QQ92Ft68nh86oU22jZ,D,facesSlider_question_id_12_rating,3,,,09:29:30 17.10.25,1760693370
UID_oH95MC45ee41BH64Yi,C,question_id_1,D,D,D,09:29:44 17.10.25,1760693384
UID_oH95MC45ee41BH64Yi,C,facesSlider_question_id_1_rating,4,,,09:29:46 17.10.25,1760693386
UID_cA26mv07oN97bX58tH,C,question_id_3,B,A,A,09:29:46 17.10.25,1760693386
UID_cA26mv07oN97bX58tH,C,facesSlider_question_id_3_rating,4,,,09:29:49 17.10.25,1760693389
UID_dT19xs25DD43WR91Ct,D,question_id_15,D,C,C,09:29:56 17.10.25,1760693396
UID_dT19xs25DD43WR91Ct,D,facesSlider_question_id_15_rating,3,,,09:30:00 17.10.25,1760693400
UID_QQ92Ft68nh86oU22jZ,D,question_id_5,A,A,A,09:30:17 17.10.25,1760693417
UID_QQ92Ft68nh86oU22jZ,D,facesSlider_question_id_5_rating,5,,,09:30:19 17.10.25,1760693419
UID_zP28Yo37OF81hO08ky,D,question_id_3,A,A,A,09:30:28 17.10.25,1760693428
UID_oH95MC45ee41BH64Yi,C,question_id_22,B,B,D,09:30:28 17.10.25,1760693428
UID_oH95MC45ee41BH64Yi,C,facesSlider_question_id_22_rating,3,,,09:30:30 17.10.25,1760693430
UID_zP28Yo37OF81hO08ky,D,facesSlider_question_id_3_rating,4,,,09:30:35 17.10.25,1760693435
UID_oH95MC45ee41BH64Yi,C,question_id_5,A,A,A,09:30:54 17.10.25,1760693454
UID_oH95MC45ee41BH64Yi,C,facesSlider_question_id_5_rating,4,,,09:30:57 17.10.25,1760693457
UID_cA26mv07oN97bX58tH,C,question_id_1,D,D,D,09:31:06 17.10.25,1760693466
UID_cA26mv07oN97bX58tH,C,facesSlider_question_id_1_rating,5,,,09:31:08 17.10.25,1760693468
UID_oH95MC45ee41BH64Yi,C,facesSlider_block_end_questionnaire_explanation_OTHER_EXPLANATION_question_1,4,,,09:31:12 17.10.25,1760693472
UID_dT19xs25DD43WR91Ct,D,question_id_1,D,D,D,09:31:18 17.10.25,1760693478
UID_dT19xs25DD43WR91Ct,D,facesSlider_question_id_1_rating,4,,,09:31:21 17.10.25,1760693481
UID_ug24hL65Ow73PW18xI,C,question_id_5,A,A,A,09:31:22 17.10.25,1760693482
UID_ug24hL65Ow73PW18xI,C,facesSlider_question_id_5_rating,4,,,09:31:24 17.10.25,1760693484
UID_oH95MC45ee41BH64Yi,C,facesSlider_block_end_questionnaire_explanation_OTHER_EXPLANATION_question_2,4,,,09:31:27 17.10.25,1760693487
UID_zP28Yo37OF81hO08ky,D,question_id_22,B,B,D,09:31:29 17.10.25,1760693489
UID_zP28Yo37OF81hO08ky,D,facesSlider_question_id_22_rating,4,,,09:31:32 17.10.25,1760693492
UID_QQ92Ft68nh86oU22jZ,D,question_id_4,D,A,D,09:31:34 17.10.25,1760693494
UID_QQ92Ft68nh86oU22jZ,D,facesSlider_question_id_4_rating,3,,,09:31:37 17.10.25,1760693497
UID_oH95MC45ee41BH64Yi,C,facesSlider_block_end_questionnaire_explanation_OTHER_EXPLANATION_question_3,5,,,09:31:43 17.10.25,1760693503
UID_ug24hL65Ow73PW18xI,C,facesSlider_block_end_questionnaire_explanation_OTHER_EXPLANATION_question_1,3,,,09:31:51 17.10.25,1760693511
UID_ug24hL65Ow73PW18xI,C,facesSlider_block_end_questionnaire_explanation_OTHER_EXPLANATION_question_2,4,,,09:31:57 17.10.25,1760693517
UID_ug24hL65Ow73PW18xI,C,facesSlider_block_end_questionnaire_explanation_OTHER_EXPLANATION_question_3,4,,,09:32:03 17.10.25,1760693523
UID_Lf26YD71zv67SZ76WP,D,question_id_4,A,A,D,09:32:29 17.10.25,1760693549
UID_Lf26YD71zv67SZ76WP,D,facesSlider_question_id_4_rating,3,,,09:32:34 17.10.25,1760693554
UID_QQ92Ft68nh86oU22jZ,D,question_id_1,B,D,D,09:32:49 17.10.25,1760693569
UID_QQ92Ft68nh86oU22jZ,D,facesSlider_question_id_1_rating,5,,,09:32:51 17.10.25,1760693571
UID_OD86mb97wy67Eg22fc,C,facesSlider_question_id_15_rating,3,,,09:32:57 17.10.25,1760693577
UID_OD86mb97wy67Eg22fc,C,question_id_15,D,C,C,09:32:57 17.10.25,1760693577
UID_dT19xs25DD43WR91Ct,D,question_id_11,D,A,A,09:33:01 17.10.25,1760693581
UID_dT19xs25DD43WR91Ct,D,facesSlider_question_id_11_rating,4,,,09:33:04 17.10.25,1760693584
UID_Lf26YD71zv67SZ76WP,D,question_id_11,A,A,A,09:33:16 17.10.25,1760693596
UID_Lf26YD71zv67SZ76WP,D,facesSlider_question_id_11_rating,4,,,09:33:19 17.10.25,1760693599
UID_cA26mv07oN97bX58tH,C,question_id_17,A,C,A,09:33:25 17.10.25,1760693605
UID_cA26mv07oN97bX58tH,C,facesSlider_question_id_17_rating,4,,,09:33:28 17.10.25,1760693608
UID_dT19xs25DD43WR91Ct,D,question_id_4,A,A,D,09:33:51 17.10.25,1760693631
UID_dT19xs25DD43WR91Ct,D,facesSlider_question_id_4_rating,4,,,09:33:54 17.10.25,1760693634
UID_cA26mv07oN97bX58tH,C,question_id_11,A,A,A,09:34:31 17.10.25,1760693671
UID_cA26mv07oN97bX58tH,C,facesSlider_question_id_11_rating,5,,,09:34:34 17.10.25,1760693674
UID_Lf26YD71zv67SZ76WP,D,question_id_5,A,A,A,09:34:46 17.10.25,1760693686
UID_OD86mb97wy67Eg22fc,C,question_id_22,B,B,D,09:34:47 17.10.25,1760693687
UID_Lf26YD71zv67SZ76WP,D,facesSlider_question_id_5_rating,4,,,09:34:47 17.10.25,1760693687
UID_OD86mb97wy67Eg22fc,C,facesSlider_question_id_22_rating,4,,,09:34:50 17.10.25,1760693690
UID_zP28Yo37OF81hO08ky,D,question_id_20,B,B,B,09:35:07 17.10.25,1760693707
UID_dT19xs25DD43WR91Ct,D,question_id_5,B,A,A,09:35:10 17.10.25,1760693710
UID_dT19xs25DD43WR91Ct,D,facesSlider_question_id_5_rating,5,,,09:35:13 17.10.25,1760693713
UID_zP28Yo37OF81hO08ky,D,facesSlider_question_id_20_rating,4,,,09:35:13 17.10.25,1760693713
UID_cA26mv07oN97bX58tH,C,question_id_12,A,A,D,09:36:06 17.10.25,1760693766
UID_cA26mv07oN97bX58tH,C,facesSlider_question_id_12_rating,5,,,09:36:09 17.10.25,1760693769
UID_dT19xs25DD43WR91Ct,D,question_id_22,A,B,D,09:36:13 17.10.25,1760693773
UID_dT19xs25DD43WR91Ct,D,facesSlider_question_id_22_rating,5,,,09:36:15 17.10.25,1760693775
UID_cA26mv07oN97bX58tH,C,facesSlider_block_end_questionnaire_explanation_OTHER_EXPLANATION_question_1,3,,,09:36:21 17.10.25,1760693781
UID_cA26mv07oN97bX58tH,C,facesSlider_block_end_questionnaire_explanation_OTHER_EXPLANATION_question_2,3,,,09:36:31 17.10.25,1760693791
UID_Lf26YD71zv67SZ76WP,D,question_id_17,C,C,A,09:36:33 17.10.25,1760693793
UID_Lf26YD71zv67SZ76WP,D,facesSlider_question_id_17_rating,4,,,09:36:35 17.10.25,1760693795
UID_cA26mv07oN97bX58tH,C,facesSlider_block_end_questionnaire_explanation_OTHER_EXPLANATION_question_3,4,,,09:36:38 17.10.25,1760693798
UID_OD86mb97wy67Eg22fc,C,question_id_11,A,A,A,09:37:45 17.10.25,1760693865
UID_OD86mb97wy67Eg22fc,C,facesSlider_question_id_11_rating,5,,,09:37:48 17.10.25,1760693868
UID_QQ92Ft68nh86oU22jZ,D,question_id_20,B,B,B,09:37:52 17.10.25,1760693872
UID_QQ92Ft68nh86oU22jZ,D,facesSlider_question_id_20_rating,3,,,09:37:56 17.10.25,1760693876
UID_Tx99hn42YE28tK90tZ,D,question_id_12,D,A,D,09:38:04 17.10.25,1760693884
UID_Tx99hn42YE28tK90tZ,D,facesSlider_question_id_12_rating,4,,,09:38:08 17.10.25,1760693888
UID_dT19xs25DD43WR91Ct,D,question_id_20,C,B,B,09:38:18 17.10.25,1760693898
UID_dT19xs25DD43WR91Ct,D,facesSlider_question_id_20_rating,2,,,09:38:21 17.10.25,1760693901
UID_Lf26YD71zv67SZ76WP,D,question_id_3,A,A,A,09:38:23 17.10.25,1760693903
UID_Lf26YD71zv67SZ76WP,D,facesSlider_question_id_3_rating,4,,,09:38:25 17.10.25,1760693905
UID_QQ92Ft68nh86oU22jZ,D,question_id_22,D,B,D,09:39:08 17.10.25,1760693948
UID_QQ92Ft68nh86oU22jZ,D,facesSlider_question_id_22_rating,4,,,09:39:10 17.10.25,1760693950
UID_Tx99hn42YE28tK90tZ,D,question_id_15,C,C,C,09:39:19 17.10.25,1760693959
UID_Tx99hn42YE28tK90tZ,D,facesSlider_question_id_15_rating,4,,,09:39:22 17.10.25,1760693962
UID_dT19xs25DD43WR91Ct,D,question_id_3,A,A,A,09:39:42 17.10.25,1760693982
UID_dT19xs25DD43WR91Ct,D,facesSlider_question_id_3_rating,3,,,09:39:45 17.10.25,1760693985
UID_Lf26YD71zv67SZ76WP,D,question_id_15,D,C,C,09:39:59 17.10.25,1760693999
UID_Lf26YD71zv67SZ76WP,D,facesSlider_question_id_15_rating,2,,,09:40:04 17.10.25,1760694004
UID_Tx99hn42YE28tK90tZ,D,question_id_11,A,A,A,09:40:15 17.10.25,1760694015
UID_Tx99hn42YE28tK90tZ,D,facesSlider_question_id_11_rating,5,,,09:40:18 17.10.25,1760694018
UID_QQ92Ft68nh86oU22jZ,D,question_id_17,C,C,A,09:40:25 17.10.25,1760694025
UID_QQ92Ft68nh86oU22jZ,D,facesSlider_question_id_17_rating,4,,,09:40:28 17.10.25,1760694028
UID_Lf26YD71zv67SZ76WP,D,question_id_22,D,B,D,09:40:33 17.10.25,1760694033
UID_Lf26YD71zv67SZ76WP,D,facesSlider_question_id_22_rating,3,,,09:40:52 17.10.25,1760694052
UID_OD86mb97wy67Eg22fc,C,question_id_20,B,B,B,09:41:07 17.10.25,1760694067
UID_Tx99hn42YE28tK90tZ,D,question_id_17,C,C,A,09:41:09 17.10.25,1760694069
UID_OD86mb97wy67Eg22fc,C,facesSlider_question_id_20_rating,3,,,09:41:10 17.10.25,1760694070
UID_Tx99hn42YE28tK90tZ,D,facesSlider_question_id_17_rating,5,,,09:41:12 17.10.25,1760694072
UID_dT19xs25DD43WR91Ct,D,question_id_12,A,A,D,09:41:12 17.10.25,1760694072
UID_dT19xs25DD43WR91Ct,D,facesSlider_question_id_12_rating,4,,,09:41:15 17.10.25,1760694075
UID_dT19xs25DD43WR91Ct,D,facesSlider_block_end_questionnaire_explanation_PREDICTION_WITH_CONFIDENCE_question_1,3,,,09:41:31 17.10.25,1760694091
UID_dT19xs25DD43WR91Ct,D,facesSlider_block_end_questionnaire_explanation_PREDICTION_WITH_CONFIDENCE_question_2,4,,,09:41:44 17.10.25,1760694104
UID_Tx99hn42YE28tK90tZ,D,question_id_22,B,B,D,09:41:45 17.10.25,1760694105
UID_Tx99hn42YE28tK90tZ,D,facesSlider_question_id_22_rating,5,,,09:41:47 17.10.25,1760694107
UID_dT19xs25DD43WR91Ct,D,facesSlider_block_end_questionnaire_explanation_PREDICTION_WITH_CONFIDENCE_question_3,3,,,09:41:47 17.10.25,1760694107
UID_Tx99hn42YE28tK90tZ,D,question_id_4,A,A,D,09:42:34 17.10.25,1760694154
UID_Tx99hn42YE28tK90tZ,D,facesSlider_question_id_4_rating,5,,,09:42:36 17.10.25,1760694156
UID_OD86mb97wy67Eg22fc,C,question_id_5,A,A,A,09:42:43 17.10.25,1760694163
UID_OD86mb97wy67Eg22fc,C,facesSlider_question_id_5_rating,4,,,09:42:46 17.10.25,1760694166
UID_QQ92Ft68nh86oU22jZ,D,question_id_11,A,A,A,09:42:48 17.10.25,1760694168
UID_QQ92Ft68nh86oU22jZ,D,facesSlider_question_id_11_rating,4,,,09:42:51 17.10.25,1760694171
UID_QQ92Ft68nh86oU22jZ,D,facesSlider_block_end_questionnaire_explanation_PREDICTION_WITH_CONFIDENCE_question_1,3,,,09:43:11 17.10.25,1760694191
UID_Lf26YD71zv67SZ76WP,D,question_id_20,C,B,B,09:43:12 17.10.25,1760694192
UID_Lf26YD71zv67SZ76WP,D,facesSlider_question_id_20_rating,2,,,09:43:16 17.10.25,1760694196
UID_Tx99hn42YE28tK90tZ,D,question_id_1,D,D,D,09:43:21 17.10.25,1760694201
UID_Tx99hn42YE28tK90tZ,D,facesSlider_question_id_1_rating,5,,,09:43:24 17.10.25,1760694204
UID_QQ92Ft68nh86oU22jZ,D,facesSlider_block_end_questionnaire_explanation_PREDICTION_WITH_CONFIDENCE_question_2,3,,,09:43:44 17.10.25,1760694224
UID_QQ92Ft68nh86oU22jZ,D,facesSlider_block_end_questionnaire_explanation_PREDICTION_WITH_CONFIDENCE_question_3,4,,,09:44:05 17.10.25,1760694245
UID_Tx99hn42YE28tK90tZ,D,question_id_5,A,A,A,09:44:05 17.10.25,1760694245
UID_Tx99hn42YE28tK90tZ,D,facesSlider_question_id_5_rating,4,,,09:44:08 17.10.25,1760694248
UID_Lf26YD71zv67SZ76WP,D,question_id_12,D,A,D,09:44:34 17.10.25,1760694274
UID_Lf26YD71zv67SZ76WP,D,facesSlider_question_id_12_rating,3,,,09:44:36 17.10.25,1760694276
UID_OD86mb97wy67Eg22fc,C,question_id_4,B,A,D,09:45:18 17.10.25,1760694318
UID_OD86mb97wy67Eg22fc,C,facesSlider_question_id_4_rating,4,,,09:45:20 17.10.25,1760694320
UID_Tx99hn42YE28tK90tZ,D,question_id_20,B,B,B,09:46:22 17.10.25,1760694382
UID_Tx99hn42YE28tK90tZ,D,facesSlider_question_id_20_rating,3,,,09:46:25 17.10.25,1760694385
UID_Lf26YD71zv67SZ76WP,D,question_id_1,D,D,D,09:46:40 17.10.25,1760694400
UID_Lf26YD71zv67SZ76WP,D,facesSlider_question_id_1_rating,4,,,09:46:45 17.10.25,1760694405
UID_jB68Mw26Rr75eD51MD,A,question_id_4,A,A,D,09:46:49 17.10.25,1760694409
UID_jB68Mw26Rr75eD51MD,A,facesSlider_question_id_4_rating,4,,,09:46:53 17.10.25,1760694413
UID_Lf26YD71zv67SZ76WP,D,facesSlider_block_end_questionnaire_explanation_PREDICTION_WITH_CONFIDENCE_question_1,4,,,09:47:09 17.10.25,1760694429
UID_Lf26YD71zv67SZ76WP,D,facesSlider_block_end_questionnaire_explanation_PREDICTION_WITH_CONFIDENCE_question_2,5,,,09:47:22 17.10.25,1760694442
UID_Lf26YD71zv67SZ76WP,D,facesSlider_block_end_questionnaire_explanation_PREDICTION_WITH_CONFIDENCE_question_3,4,,,09:47:27 17.10.25,1760694447
UID_fx66MG91rc91ME96OY,A,question_id_22,A,B,D,09:47:29 17.10.25,1760694449
UID_fx66MG91rc91ME96OY,A,facesSlider_question_id_22_rating,5,,,09:47:34 17.10.25,1760694454
UID_OD86mb97wy67Eg22fc,C,question_id_12,D,A,D,09:47:54 17.10.25,1760694474
UID_OD86mb97wy67Eg22fc,C,facesSlider_question_id_12_rating,5,,,09:47:56 17.10.25,1760694476
UID_Tx99hn42YE28tK90tZ,D,question_id_3,A,A,A,09:47:58 17.10.25,1760694478
UID_Tx99hn42YE28tK90tZ,D,facesSlider_question_id_3_rating,4,,,09:48:00 17.10.25,1760694480
UID_jB68Mw26Rr75eD51MD,A,question_id_3,D,A,A,09:48:08 17.10.25,1760694488
UID_jB68Mw26Rr75eD51MD,A,facesSlider_question_id_3_rating,3,,,09:48:11 17.10.25,1760694491
UID_Tx99hn42YE28tK90tZ,D,facesSlider_block_end_questionnaire_explanation_PREDICTION_WITH_CONFIDENCE_question_1,4,,,09:48:17 17.10.25,1760694497
UID_Tx99hn42YE28tK90tZ,D,facesSlider_block_end_questionnaire_explanation_PREDICTION_WITH_CONFIDENCE_question_2,4,,,09:48:26 17.10.25,1760694506
UID_Tx99hn42YE28tK90tZ,D,facesSlider_block_end_questionnaire_explanation_PREDICTION_WITH_CONFIDENCE_question_3,4,,,09:48:34 17.10.25,1760694514
UID_fx66MG91rc91ME96OY,A,question_id_12,A,A,D,09:49:01 17.10.25,1760694541
UID_fx66MG91rc91ME96OY,A,facesSlider_question_id_12_rating,3,,,09:49:05 17.10.25,1760694545
UID_jB68Mw26Rr75eD51MD,A,question_id_5,A,A,A,09:49:16 17.10.25,1760694556
UID_jB68Mw26Rr75eD51MD,A,facesSlider_question_id_5_rating,4,,,09:49:20 17.10.25,1760694560
UID_jB68Mw26Rr75eD51MD,A,question_id_22,D,B,D,09:50:17 17.10.25,1760694617
UID_jB68Mw26Rr75eD51MD,A,facesSlider_question_id_22_rating,4,,,09:50:19 17.10.25,1760694619
UID_OD86mb97wy67Eg22fc,C,question_id_17,A,C,A,09:51:01 17.10.25,1760694661
UID_OD86mb97wy67Eg22fc,C,facesSlider_question_id_17_rating,4,,,09:51:05 17.10.25,1760694665
UID_fx66MG91rc91ME96OY,A,question_id_11,A,A,A,09:51:17 17.10.25,1760694677
UID_OD86mb97wy67Eg22fc,C,facesSlider_block_end_questionnaire_explanation_OTHER_EXPLANATION_question_1,3,,,09:51:17 17.10.25,1760694677
UID_fx66MG91rc91ME96OY,A,facesSlider_question_id_11_rating,4,,,09:51:23 17.10.25,1760694683
UID_OD86mb97wy67Eg22fc,C,facesSlider_block_end_questionnaire_explanation_OTHER_EXPLANATION_question_2,4,,,09:51:25 17.10.25,1760694685
UID_OD86mb97wy67Eg22fc,C,facesSlider_block_end_questionnaire_explanation_OTHER_EXPLANATION_question_3,2,,,09:51:34 17.10.25,1760694694
UID_jB68Mw26Rr75eD51MD,A,question_id_20,A,B,B,09:51:52 17.10.25,1760694712
UID_jB68Mw26Rr75eD51MD,A,facesSlider_question_id_20_rating,4,,,09:51:54 17.10.25,1760694714
UID_jB68Mw26Rr75eD51MD,A,question_id_15,D,C,C,09:54:07 17.10.25,1760694847
UID_jB68Mw26Rr75eD51MD,A,facesSlider_question_id_15_rating,5,,,09:54:09 17.10.25,1760694849
UID_jB68Mw26Rr75eD51MD,A,question_id_1,D,D,D,09:54:47 17.10.25,1760694887
UID_jB68Mw26Rr75eD51MD,A,facesSlider_question_id_1_rating,5,,,09:54:49 17.10.25,1760694889
UID_bq81ma75cm55gt20dE,A,question_id_22,D,B,D,09:54:49 17.10.25,1760694889
UID_bq81ma75cm55gt20dE,A,facesSlider_question_id_22_rating,4,,,09:55:09 17.10.25,1760694909
UID_bq81ma75cm55gt20dE,A,question_id_3,A,A,A,09:55:57 17.10.25,1760694957
UID_bq81ma75cm55gt20dE,A,facesSlider_question_id_3_rating,5,,,09:56:00 17.10.25,1760694960
UID_bq81ma75cm55gt20dE,A,question_id_17,C,C,A,09:56:07 17.10.25,1760694967
UID_bq81ma75cm55gt20dE,A,facesSlider_question_id_17_rating,4,,,09:56:09 17.10.25,1760694969
UID_fx66MG91rc91ME96OY,A,question_id_15,C,C,C,09:56:41 17.10.25,1760695001
UID_fx66MG91rc91ME96OY,A,facesSlider_question_id_15_rating,3,,,09:56:43 17.10.25,1760695003
UID_jB68Mw26Rr75eD51MD,A,question_id_12,A,A,D,09:56:45 17.10.25,1760695005
UID_jB68Mw26Rr75eD51MD,A,facesSlider_question_id_12_rating,2,,,09:56:48 17.10.25,1760695008
UID_bq81ma75cm55gt20dE,A,question_id_15,D,C,C,09:56:56 17.10.25,1760695016
UID_bq81ma75cm55gt20dE,A,facesSlider_question_id_15_rating,3,,,09:56:58 17.10.25,1760695018
UID_bq81ma75cm55gt20dE,A,question_id_1,D,D,D,09:57:05 17.10.25,1760695025
UID_bq81ma75cm55gt20dE,A,facesSlider_question_id_1_rating,3,,,09:57:05 17.10.25,1760695025
UID_fx66MG91rc91ME96OY,A,question_id_4,D,A,D,09:57:29 17.10.25,1760695049
UID_fx66MG91rc91ME96OY,A,facesSlider_question_id_4_rating,4,,,09:57:32 17.10.25,1760695052
UID_jB68Mw26Rr75eD51MD,A,question_id_17,A,C,A,09:57:35 17.10.25,1760695055
UID_jB68Mw26Rr75eD51MD,A,facesSlider_question_id_17_rating,4,,,09:57:37 17.10.25,1760695057
UID_bq81ma75cm55gt20dE,A,question_id_4,C,A,D,09:58:05 17.10.25,1760695085
UID_bq81ma75cm55gt20dE,A,facesSlider_question_id_4_rating,5,,,09:58:07 17.10.25,1760695087
UID_bq81ma75cm55gt20dE,A,question_id_12,B,A,D,09:58:13 17.10.25,1760695093
UID_bq81ma75cm55gt20dE,A,facesSlider_question_id_12_rating,2,,,09:58:15 17.10.25,1760695095
UID_bq81ma75cm55gt20dE,A,question_id_11,A,A,A,09:58:19 17.10.25,1760695099
UID_bq81ma75cm55gt20dE,A,facesSlider_question_id_11_rating,3,,,09:58:22 17.10.25,1760695102
UID_jB68Mw26Rr75eD51MD,A,question_id_11,A,A,A,09:58:22 17.10.25,1760695102
UID_bq81ma75cm55gt20dE,A,question_id_5,A,A,A,09:58:27 17.10.25,1760695107
UID_bq81ma75cm55gt20dE,A,facesSlider_question_id_5_rating,3,,,09:58:29 17.10.25,1760695109
UID_bq81ma75cm55gt20dE,A,question_id_20,B,B,B,09:58:34 17.10.25,1760695114
UID_bq81ma75cm55gt20dE,A,facesSlider_question_id_20_rating,2,,,09:58:36 17.10.25,1760695116
UID_jB68Mw26Rr75eD51MD,A,facesSlider_question_id_11_rating,4,,,09:58:46 17.10.25,1760695126
UID_bq81ma75cm55gt20dE,A,facesSlider_block_end_questionnaire_explanation_ONLY_PREDICTION_question_1,3,,,09:58:51 17.10.25,1760695131
UID_bq81ma75cm55gt20dE,A,facesSlider_block_end_questionnaire_explanation_ONLY_PREDICTION_question_2,3,,,09:59:00 17.10.25,1760695140
UID_jB68Mw26Rr75eD51MD,A,facesSlider_block_end_questionnaire_explanation_ONLY_PREDICTION_question_1,1,,,09:59:02 17.10.25,1760695142
UID_jB68Mw26Rr75eD51MD,A,facesSlider_block_end_questionnaire_explanation_ONLY_PREDICTION_question_2,1,,,09:59:07 17.10.25,1760695147
UID_bq81ma75cm55gt20dE,A,facesSlider_block_end_questionnaire_explanation_ONLY_PREDICTION_question_3,2,,,09:59:09 17.10.25,1760695149
UID_jB68Mw26Rr75eD51MD,A,facesSlider_block_end_questionnaire_explanation_ONLY_PREDICTION_question_3,2,,,09:59:14 17.10.25,1760695154
UID_fx66MG91rc91ME96OY,A,question_id_1,D,D,D,09:59:47 17.10.25,1760695187
UID_fx66MG91rc91ME96OY,A,facesSlider_question_id_1_rating,3,,,09:59:50 17.10.25,1760695190
UID_fx66MG91rc91ME96OY,A,question_id_17,A,C,A,10:00:27 17.10.25,1760695227
UID_fx66MG91rc91ME96OY,A,facesSlider_question_id_17_rating,4,,,10:00:29 17.10.25,1760695229
UID_fx66MG91rc91ME96OY,A,question_id_5,A,A,A,10:01:56 17.10.25,1760695316
UID_fx66MG91rc91ME96OY,A,facesSlider_question_id_5_rating,4,,,10:01:58 17.10.25,1760695318
UID_fx66MG91rc91ME96OY,A,question_id_20,A,B,B,10:06:54 17.10.25,1760695614
UID_fx66MG91rc91ME96OY,A,facesSlider_question_id_20_rating,5,,,10:06:56 17.10.25,1760695616
UID_fx66MG91rc91ME96OY,A,question_id_3,D,A,A,10:07:55 17.10.25,1760695675
UID_fx66MG91rc91ME96OY,A,facesSlider_question_id_3_rating,3,,,10:07:57 17.10.25,1760695677
UID_fx66MG91rc91ME96OY,A,facesSlider_block_end_questionnaire_explanation_ONLY_PREDICTION_question_1,4,,,10:08:06 17.10.25,1760695686
UID_fx66MG91rc91ME96OY,A,facesSlider_block_end_questionnaire_explanation_ONLY_PREDICTION_question_2,4,,,10:08:11 17.10.25,1760695691
UID_fx66MG91rc91ME96OY,A,facesSlider_block_end_questionnaire_explanation_ONLY_PREDICTION_question_3,3,,,10:08:16 17.10.25,1760695696
UID_Sw96eT15Yn09Zm37KQ,B,question_id_22,B,B,D,10:52:40 17.10.25,1760698360
UID_Sw96eT15Yn09Zm37KQ,B,facesSlider_question_id_22_rating,4,,,10:52:48 17.10.25,1760698368
UID_Sw96eT15Yn09Zm37KQ,B,question_id_15,C,C,C,11:04:49 17.10.25,1760699089
UID_Sw96eT15Yn09Zm37KQ,B,facesSlider_question_id_15_rating,4,,,11:04:52 17.10.25,1760699092
UID_Sw96eT15Yn09Zm37KQ,B,question_id_1,D,D,D,11:06:44 17.10.25,1760699204
UID_Sw96eT15Yn09Zm37KQ,B,facesSlider_question_id_1_rating,4,,,11:06:47 17.10.25,1760699207
UID_Sw96eT15Yn09Zm37KQ,B,question_id_12,D,A,D,11:10:10 17.10.25,1760699410
UID_Sw96eT15Yn09Zm37KQ,B,facesSlider_question_id_12_rating,4,,,11:10:12 17.10.25,1760699412
UID_Sw96eT15Yn09Zm37KQ,B,question_id_5,A,A,A,11:11:46 17.10.25,1760699506
UID_Sw96eT15Yn09Zm37KQ,B,facesSlider_question_id_5_rating,4,,,11:11:48 17.10.25,1760699508
UID_Sw96eT15Yn09Zm37KQ,B,question_id_20,B,B,B,11:14:15 17.10.25,1760699655
UID_Sw96eT15Yn09Zm37KQ,B,facesSlider_question_id_20_rating,4,,,11:14:17 17.10.25,1760699657
UID_Sw96eT15Yn09Zm37KQ,B,question_id_17,C,C,A,11:16:17 17.10.25,1760699777
UID_Sw96eT15Yn09Zm37KQ,B,facesSlider_question_id_17_rating,4,,,11:16:20 17.10.25,1760699780
UID_Sw96eT15Yn09Zm37KQ,B,question_id_3,D,A,A,11:18:31 17.10.25,1760699911
UID_Sw96eT15Yn09Zm37KQ,B,facesSlider_question_id_3_rating,3,,,11:18:34 17.10.25,1760699914
UID_Sw96eT15Yn09Zm37KQ,B,question_id_4,D,A,D,11:20:13 17.10.25,1760700013
UID_Sw96eT15Yn09Zm37KQ,B,facesSlider_question_id_4_rating,2,,,11:20:15 17.10.25,1760700015
UID_Sw96eT15Yn09Zm37KQ,B,question_id_11,A,A,A,11:21:30 17.10.25,1760700090
UID_Sw96eT15Yn09Zm37KQ,B,facesSlider_question_id_11_rating,5,,,11:21:34 17.10.25,1760700094
UID_Sw96eT15Yn09Zm37KQ,B,facesSlider_block_end_questionnaire_explanation_LLM_EXPLANATION_question_1,4,,,11:21:47 17.10.25,1760700107
UID_Sw96eT15Yn09Zm37KQ,B,facesSlider_block_end_questionnaire_explanation_LLM_EXPLANATION_question_2,4,,,11:21:53 17.10.25,1760700113
UID_Sw96eT15Yn09Zm37KQ,B,facesSlider_block_end_questionnaire_explanation_LLM_EXPLANATION_question_3,3,,,11:22:11 17.10.25,1760700131
UID_hT41ae83oQ49hc87Qv,B,question_id_1,D,D,D,11:26:53 17.10.25,1760700413
UID_hT41ae83oQ49hc87Qv,B,facesSlider_question_id_1_rating,5,,,11:26:57 17.10.25,1760700417
UID_hT41ae83oQ49hc87Qv,B,question_id_4,A,A,D,11:29:24 17.10.25,1760700564
UID_hT41ae83oQ49hc87Qv,B,facesSlider_question_id_4_rating,5,,,11:29:26 17.10.25,1760700566
UID_hT41ae83oQ49hc87Qv,B,question_id_12,A,A,D,11:30:34 17.10.25,1760700634
UID_hT41ae83oQ49hc87Qv,B,facesSlider_question_id_12_rating,5,,,11:30:36 17.10.25,1760700636
UID_hT41ae83oQ49hc87Qv,B,question_id_17,C,C,A,11:31:58 17.10.25,1760700718
UID_hT41ae83oQ49hc87Qv,B,facesSlider_question_id_17_rating,5,,,11:32:00 17.10.25,1760700720
UID_hT41ae83oQ49hc87Qv,B,question_id_3,A,A,A,11:36:22 17.10.25,1760700982
UID_hT41ae83oQ49hc87Qv,B,facesSlider_question_id_3_rating,5,,,11:36:24 17.10.25,1760700984
UID_hT41ae83oQ49hc87Qv,B,question_id_5,A,A,A,11:37:48 17.10.25,1760701068
UID_hT41ae83oQ49hc87Qv,B,facesSlider_question_id_5_rating,5,,,11:37:55 17.10.25,1760701075
UID_hT41ae83oQ49hc87Qv,B,question_id_20,B,B,B,11:40:31 17.10.25,1760701231
UID_hT41ae83oQ49hc87Qv,B,facesSlider_question_id_20_rating,5,,,11:40:33 17.10.25,1760701233
UID_hT41ae83oQ49hc87Qv,B,question_id_11,A,A,A,11:42:11 17.10.25,1760701331
UID_hT41ae83oQ49hc87Qv,B,facesSlider_question_id_11_rating,5,,,11:42:13 17.10.25,1760701333
UID_hT41ae83oQ49hc87Qv,B,question_id_15,C,C,C,11:43:52 17.10.25,1760701432
UID_hT41ae83oQ49hc87Qv,B,facesSlider_question_id_15_rating,5,,,11:43:54 17.10.25,1760701434
UID_hT41ae83oQ49hc87Qv,B,question_id_22,D,B,D,11:46:29 17.10.25,1760701589
UID_hT41ae83oQ49hc87Qv,B,facesSlider_question_id_22_rating,3,,,11:46:34 17.10.25,1760701594
UID_hT41ae83oQ49hc87Qv,B,facesSlider_block_end_questionnaire_explanation_LLM_EXPLANATION_question_1,5,,,11:46:40 17.10.25,1760701600
UID_hT41ae83oQ49hc87Qv,B,facesSlider_block_end_questionnaire_explanation_LLM_EXPLANATION_question_2,5,,,11:46:46 17.10.25,1760701606
UID_hT41ae83oQ49hc87Qv,B,facesSlider_block_end_questionnaire_explanation_LLM_EXPLANATION_question_3,5,,,11:46:50 17.10.25,1760701610
UID_aT05lo46IV73IQ84uz,B,question_id_17,C,C,A,07:35:59 19.10.25,1760859359
UID_aT05lo46IV73IQ84uz,B,facesSlider_question_id_17_rating,5,,,07:36:08 19.10.25,1760859368
UID_aT05lo46IV73IQ84uz,B,question_id_22,B,B,D,07:38:19 19.10.25,1760859499
UID_aT05lo46IV73IQ84uz,B,facesSlider_question_id_22_rating,4,,,07:38:23 19.10.25,1760859503
UID_aT05lo46IV73IQ84uz,B,question_id_11,A,A,A,07:43:36 19.10.25,1760859816
UID_aT05lo46IV73IQ84uz,B,facesSlider_question_id_11_rating,5,,,07:43:40 19.10.25,1760859820
UID_aT05lo46IV73IQ84uz,B,question_id_1,B,D,D,07:47:06 19.10.25,1760860026
UID_aT05lo46IV73IQ84uz,B,facesSlider_question_id_1_rating,3,,,07:47:21 19.10.25,1760860041
UID_aT05lo46IV73IQ84uz,B,question_id_4,A,A,D,08:44:42 19.10.25,1760863482
UID_aT05lo46IV73IQ84uz,B,facesSlider_question_id_4_rating,4,,,08:44:47 19.10.25,1760863487
UID_aT05lo46IV73IQ84uz,B,question_id_20,B,B,B,10:35:35 19.10.25,1760870135
UID_aT05lo46IV73IQ84uz,B,facesSlider_question_id_20_rating,4,,,10:35:41 19.10.25,1760870141
UID_aT05lo46IV73IQ84uz,B,question_id_3,A,A,A,12:55:03 19.10.25,1760878503
UID_aT05lo46IV73IQ84uz,B,facesSlider_question_id_3_rating,5,,,12:55:06 19.10.25,1760878506
UID_aT05lo46IV73IQ84uz,B,question_id_5,A,A,A,12:56:47 19.10.25,1760878607
UID_aT05lo46IV73IQ84uz,B,facesSlider_question_id_5_rating,5,,,12:56:51 19.10.25,1760878611
UID_aT05lo46IV73IQ84uz,B,question_id_12,D,A,D,13:00:20 19.10.25,1760878820
UID_aT05lo46IV73IQ84uz,B,facesSlider_question_id_12_rating,4,,,13:00:24 19.10.25,1760878824
UID_aT05lo46IV73IQ84uz,B,question_id_15,C,C,C,13:07:47 19.10.25,1760879267
UID_aT05lo46IV73IQ84uz,B,facesSlider_question_id_15_rating,5,,,13:07:53 19.10.25,1760879273
UID_aT05lo46IV73IQ84uz,B,facesSlider_block_end_questionnaire_explanation_LLM_EXPLANATION_question_1,3,,,13:08:08 19.10.25,1760879288
UID_aT05lo46IV73IQ84uz,B,facesSlider_block_end_questionnaire_explanation_LLM_EXPLANATION_question_2,3,,,13:08:18 19.10.25,1760879298
UID_aT05lo46IV73IQ84uz,B,facesSlider_block_end_questionnaire_explanation_LLM_EXPLANATION_question_3,4,,,13:08:31 19.10.25,1760879311
UID_RV63uP66pH66Rr20nD,A,question_id_15,C,C,C,22:48:00 19.10.25,1760914080
UID_RV63uP66pH66Rr20nD,A,facesSlider_question_id_15_rating,4,,,22:48:04 19.10.25,1760914084
UID_RV63uP66pH66Rr20nD,A,question_id_11,A,A,A,22:49:21 19.10.25,1760914161
UID_RV63uP66pH66Rr20nD,A,facesSlider_question_id_11_rating,3,,,22:49:24 19.10.25,1760914164
UID_RV63uP66pH66Rr20nD,A,question_id_12,A,A,D,22:50:13 19.10.25,1760914213
UID_RV63uP66pH66Rr20nD,A,facesSlider_question_id_12_rating,5,,,22:50:15 19.10.25,1760914215
UID_RV63uP66pH66Rr20nD,A,question_id_20,B,B,B,22:51:31 19.10.25,1760914291
UID_RV63uP66pH66Rr20nD,A,facesSlider_question_id_20_rating,3,,,22:51:33 19.10.25,1760914293
UID_RV63uP66pH66Rr20nD,A,question_id_1,D,D,D,22:52:19 19.10.25,1760914339
UID_RV63uP66pH66Rr20nD,A,facesSlider_question_id_1_rating,5,,,22:52:21 19.10.25,1760914341
UID_RV63uP66pH66Rr20nD,A,question_id_5,A,A,A,22:53:23 19.10.25,1760914403
UID_RV63uP66pH66Rr20nD,A,facesSlider_question_id_5_rating,5,,,22:53:25 19.10.25,1760914405
UID_RV63uP66pH66Rr20nD,A,question_id_3,A,A,A,22:54:27 19.10.25,1760914467
UID_RV63uP66pH66Rr20nD,A,facesSlider_question_id_3_rating,4,,,22:54:30 19.10.25,1760914470
UID_RV63uP66pH66Rr20nD,A,question_id_17,C,C,A,22:55:14 19.10.25,1760914514
UID_RV63uP66pH66Rr20nD,A,facesSlider_question_id_17_rating,4,,,22:55:16 19.10.25,1760914516
UID_RV63uP66pH66Rr20nD,A,question_id_4,D,A,D,22:55:57 19.10.25,1760914557
UID_RV63uP66pH66Rr20nD,A,facesSlider_question_id_4_rating,4,,,22:55:58 19.10.25,1760914558
UID_RV63uP66pH66Rr20nD,A,question_id_22,D,B,D,22:56:35 19.10.25,1760914595
UID_RV63uP66pH66Rr20nD,A,facesSlider_question_id_22_rating,4,,,22:56:36 19.10.25,1760914596
UID_RV63uP66pH66Rr20nD,A,facesSlider_block_end_questionnaire_explanation_ONLY_PREDICTION_question_1,3,,,22:56:45 19.10.25,1760914605
UID_RV63uP66pH66Rr20nD,A,facesSlider_block_end_questionnaire_explanation_ONLY_PREDICTION_question_2,3,,,22:56:50 19.10.25,1760914610
UID_RV63uP66pH66Rr20nD,A,facesSlider_block_end_questionnaire_explanation_ONLY_PREDICTION_question_3,4,,,22:57:01 19.10.25,1760914621